URL,Dernière exploration
https://www.cout-monte-escalier.fr/prix-monte-escalier/la-lechere-73260-73260,2026-03-10
https://www.cout-monte-escalier.fr/prix-monte-escalier/les-thuiles-04400-04400,2026-03-10
https://www.cout-monte-escalier.fr/prix-monte-escalier/roubion-06420-06420,2026-03-10
https://www.cout-monte-escalier.fr/prix-monte-escalier/loire-authion-49140-49140,2026-03-10
https://www.cout-monte-escalier.fr/prix-monte-escalier/colleville-76400-76400,2026-03-10
https://www.cout-monte-escalier.fr/prix-monte-escalier/villemagne-l-argentiere-34600-34600,2026-03-10
https://www.cout-monte-escalier.fr/prix-monte-escalier/pusignan-69330-69330,2026-03-10
https://www.cout-monte-escalier.fr/prix-monte-escalier/jonquieres-84150-84150,2026-03-10
https://www.cout-monte-escalier.fr/prix-monte-escalier/poudis-81700-81700,2026-03-10
https://www.cout-monte-escalier.fr/prix-monte-escalier/beauchamps-50320-50320,2026-03-10
https://www.cout-monte-escalier.fr/prix-monte-escalier/auroux-48600-48600,2026-03-10
https://www.cout-monte-escalier.fr/prix-monte-escalier/thaon-14610-14610,2026-03-10
https://www.cout-monte-escalier.fr/prix-monte-escalier/goetzenbruck-57620-57620,2026-03-10
https://www.cout-monte-escalier.fr/prix-monte-escalier/mandres-sur-vair-88800-88800,2026-03-10
https://www.cout-monte-escalier.fr/prix-monte-escalier/ouville-la-riviere-76860-76860,2026-03-10
https://www.cout-monte-escalier.fr/prix-monte-escalier/malleville-les-gres-76450-76450,2026-03-10
https://www.cout-monte-escalier.fr/prix-monte-escalier/st-aubin-le-cloud-79450-79450,2026-03-09
https://www.cout-monte-escalier.fr/prix-monte-escalier/lusigny-03230-03230,2026-03-09
https://www.cout-monte-escalier.fr/prix-monte-escalier/plomeur-29120-29120,2026-03-09
https://www.cout-monte-escalier.fr/prix-monte-escalier/st-romain-les-atheux-42660-42660,2026-03-09
https://www.cout-monte-escalier.fr/prix-monte-escalier/pargny-sous-mureau-88350-88350,2026-03-09
https://www.cout-monte-escalier.fr/prix-monte-escalier/la-chapelle-bertrand-79200-79200,2026-03-09
https://www.cout-monte-escalier.fr/prix-monte-escalier/esqueheries-02170-02170,2026-03-09
https://www.cout-monte-escalier.fr/prix-monte-escalier/st-laurent-08090-08090,2026-03-09
https://www.cout-monte-escalier.fr/prix-monte-escalier/brienne-le-chateau-10500-10500,2026-03-09
https://www.cout-monte-escalier.fr/prix-monte-escalier/carennac-46110-46110,2026-03-09
https://www.cout-monte-escalier.fr/prix-monte-escalier/fontaine-la-guyon-28190-28190,2026-03-09
https://www.cout-monte-escalier.fr/prix-monte-escalier/lannoy-cuillere-60220-60220,2026-03-09
https://www.cout-monte-escalier.fr/prix-monte-escalier/olargues-34390-34390,2026-03-09
https://www.cout-monte-escalier.fr/prix-monte-escalier/solutre-pouilly-71960-71960,2026-03-09
https://www.cout-monte-escalier.fr/prix-monte-escalier/chateau-landon-77570-77570,2026-03-09
https://www.cout-monte-escalier.fr/prix-monte-escalier/chitray-36800-36800,2026-03-09
https://www.cout-monte-escalier.fr/prix-monte-escalier/le-torpt-27210-27210,2026-03-09
https://www.cout-monte-escalier.fr/prix-monte-escalier/nonancourt-27320-27320,2026-03-09
https://www.cout-monte-escalier.fr/prix-monte-escalier/nohant-vic-36400-36400,2026-03-09
https://www.cout-monte-escalier.fr/prix-monte-escalier/aincourt-95510-95510,2026-03-09
https://www.cout-monte-escalier.fr/prix-monte-escalier/noveant-sur-moselle-57680-57680,2026-03-09
https://www.cout-monte-escalier.fr/prix-monte-escalier/longueville-sur-aube-10170-10170,2026-03-09
https://www.cout-monte-escalier.fr/prix-monte-escalier/burthecourt-aux-chenes-54210-54210,2026-03-09
https://www.cout-monte-escalier.fr/prix-monte-escalier/vraincourt-52310-52310,2026-03-09
https://www.cout-monte-escalier.fr/prix-monte-escalier/vieux-14930-14930,2026-03-09
https://www.cout-monte-escalier.fr/prix-monte-escalier/valeilles-82150-82150,2026-03-09
https://www.cout-monte-escalier.fr/prix-monte-escalier/le-mesnil-villeman-50450-50450,2026-03-09
https://www.cout-monte-escalier.fr/prix-monte-escalier/brienon-sur-armancon-89210-89210,2026-03-09
https://www.cout-monte-escalier.fr/prix-monte-escalier/aspach-68130-68130,2026-03-09
https://www.cout-monte-escalier.fr/prix-monte-escalier/levens-06670-06670,2026-03-09
https://www.cout-monte-escalier.fr/prix-monte-escalier/chiche-79350-79350,2026-03-09
https://www.cout-monte-escalier.fr/prix-monte-escalier/polignac-43000-43000,2026-03-09
https://www.cout-monte-escalier.fr/prix-monte-escalier/malans-25330-25330,2026-03-09
https://www.cout-monte-escalier.fr/prix-monte-escalier/hirtzbach-68118-68118,2026-03-09
https://www.cout-monte-escalier.fr/prix-monte-escalier/villiers-au-bouin-37330-37330,2026-03-09
https://www.cout-monte-escalier.fr/prix-monte-escalier/arberats-sillegue-64120-64120,2026-03-08
https://www.cout-monte-escalier.fr/prix-monte-escalier/billy-sur-aisne-02200-02200,2026-03-08
https://www.cout-monte-escalier.fr/prix-monte-escalier/st-pardoux-les-cards-23150-23150,2026-03-08
https://www.cout-monte-escalier.fr/prix-monte-escalier/valmy-51800-51800,2026-03-08
https://www.cout-monte-escalier.fr/prix-monte-escalier/trucy-sur-yonne-89460-89460,2026-03-08
https://www.cout-monte-escalier.fr/prix-monte-escalier/pange-57530-57530,2026-03-08
https://www.cout-monte-escalier.fr/prix-monte-escalier/castanet-tolosan-31320-31320,2026-03-08
https://www.cout-monte-escalier.fr/prix-monte-escalier/ally-43380-43380,2026-03-08
https://www.cout-monte-escalier.fr/prix-monte-escalier/plurien-22240-22240,2026-03-08
https://www.cout-monte-escalier.fr/prix-monte-escalier/vijon-36160-36160,2026-03-08
https://www.cout-monte-escalier.fr/prix-monte-escalier/beauce-35133-35133,2026-03-08
https://www.cout-monte-escalier.fr/prix-monte-escalier/escout-64870-64870,2026-03-08
https://www.cout-monte-escalier.fr/prix-monte-escalier/chatel-guyon-63140-63140,2026-03-08
https://www.cout-monte-escalier.fr/prix-monte-escalier/maignelay-montigny-60420-60420,2026-03-08
https://www.cout-monte-escalier.fr/prix-monte-escalier/grosmagny-90200-90200,2026-03-08
https://www.cout-monte-escalier.fr/prix-monte-escalier/st-ferreol-des-cotes-63600-63600,2026-03-08
https://www.cout-monte-escalier.fr/prix-monte-escalier/bagnot-21700-21700,2026-03-08
https://www.cout-monte-escalier.fr/prix-monte-escalier/nomain-59310-59310,2026-03-08
https://www.cout-monte-escalier.fr/prix-monte-escalier/gaillon-sur-montcient-78250-78250,2026-03-08
https://www.cout-monte-escalier.fr/prix-monte-escalier/quesmy-60640-60640,2026-03-08
https://www.cout-monte-escalier.fr/prix-monte-escalier/auga-64450-64450,2026-03-08
https://www.cout-monte-escalier.fr/prix-monte-escalier/helleville-50340-50340,2026-03-07
https://www.cout-monte-escalier.fr/prix-monte-escalier/savigny-le-temple-77176-77176,2026-03-07
https://www.cout-monte-escalier.fr/prix-monte-escalier/ceaulmont-36200-36200,2026-03-07
https://www.cout-monte-escalier.fr/prix-monte-escalier/st-masmes-51490-51490,2026-03-07
https://www.cout-monte-escalier.fr/prix-monte-escalier/braux-04240-04240,2026-03-07
https://www.cout-monte-escalier.fr/prix-monte-escalier/aujeurres-52190-52190,2026-03-07
https://www.cout-monte-escalier.fr/prix-monte-escalier/montgibaud-19210-19210,2026-03-07
https://www.cout-monte-escalier.fr/prix-monte-escalier/nizy-le-comte-02150-02150,2026-03-07
https://www.cout-monte-escalier.fr/prix-monte-escalier/huisseau-sur-cosson-41350-41350,2026-03-07
https://www.cout-monte-escalier.fr/prix-monte-escalier/st-jean-de-trezy-71490-71490,2026-03-07
https://www.cout-monte-escalier.fr/prix-monte-escalier/st-leger-06260-06260,2026-03-07
https://www.cout-monte-escalier.fr/prix-monte-escalier/montfort-en-chalosse-40380-40380,2026-03-07
https://www.cout-monte-escalier.fr/prix-monte-escalier/massaguel-81110-81110,2026-03-07
https://www.cout-monte-escalier.fr/prix-monte-escalier/chantepie-35135-35135,2026-03-07
https://www.cout-monte-escalier.fr/prix-monte-escalier/orleans-45000-45000,2026-03-07
https://www.cout-monte-escalier.fr/prix-monte-escalier/nanteuil-sur-marne-77730-77730,2026-03-07
https://www.cout-monte-escalier.fr/prix-monte-escalier/coutouvre-42460-42460,2026-03-07
https://www.cout-monte-escalier.fr/prix-monte-escalier/fontenay-sur-conie-28140-28140,2026-03-07
https://www.cout-monte-escalier.fr/prix-monte-escalier/st-germain-du-bois-71330-71330,2026-03-07
https://www.cout-monte-escalier.fr/prix-monte-escalier/ville-en-vermois-54210-54210,2026-03-07
https://www.cout-monte-escalier.fr/prix-monte-escalier/bouy-sur-orvin-10400-10400,2026-03-06
https://www.cout-monte-escalier.fr/prix-monte-escalier/burg-65190-65190,2026-03-06
https://www.cout-monte-escalier.fr/prix-monte-escalier/st-julien-gaulene-81340-81340,2026-03-06
https://www.cout-monte-escalier.fr/prix-monte-escalier/villeneuve-la-comtesse-17330-17330,2026-03-06
https://www.cout-monte-escalier.fr/prix-monte-escalier/vagney-88120-88120,2026-03-06
https://www.cout-monte-escalier.fr/prix-monte-escalier/molinchart-02000-02000,2026-03-06
https://www.cout-monte-escalier.fr/prix-monte-escalier/st-jean-d-arvey-73230-73230,2026-03-05
https://www.cout-monte-escalier.fr/prix-monte-escalier/hauteville-51290-51290,2026-03-05
https://www.cout-monte-escalier.fr/prix-monte-escalier/st-trojan-33710-33710,2026-03-05
https://www.cout-monte-escalier.fr/prix-monte-escalier/plassac-17240-17240,2026-03-05
https://www.cout-monte-escalier.fr/prix-monte-escalier/begnecourt-88270-88270,2026-03-05
https://www.cout-monte-escalier.fr/prix-monte-escalier/vezezoux-43390-43390,2026-03-05
https://www.cout-monte-escalier.fr/prix-monte-escalier/belloy-60490-60490,2026-03-05
https://www.cout-monte-escalier.fr/prix-monte-escalier/mirabel-82440-82440,2026-03-05
https://www.cout-monte-escalier.fr/prix-monte-escalier/castetnau-camblong-64190-64190,2026-03-05
https://www.cout-monte-escalier.fr/prix-monte-escalier/domptin-02310-02310,2026-03-05
https://www.cout-monte-escalier.fr/prix-monte-escalier/suilly-la-tour-58150-58150,2026-03-05
https://www.cout-monte-escalier.fr/prix-monte-escalier/st-firmin-en-valgodemard-05800-05800,2026-03-05
https://www.cout-monte-escalier.fr/prix-monte-escalier/st-amant-de-boixe-16330-16330,2026-03-05
https://www.cout-monte-escalier.fr/prix-monte-escalier/st-frajou-31230-31230,2026-03-05
https://www.cout-monte-escalier.fr/prix-monte-escalier/chambord-41250-41250,2026-03-05
https://www.cout-monte-escalier.fr/prix-monte-escalier/paulhan-34230-34230,2026-03-05
https://www.cout-monte-escalier.fr/prix-monte-escalier/berzieux-51800-51800,2026-03-05
https://www.cout-monte-escalier.fr/prix-monte-escalier/lamazere-32300-32300,2026-03-05
https://www.cout-monte-escalier.fr/prix-monte-escalier/nampont-st-martin-80120-80120,2026-03-03
https://www.cout-monte-escalier.fr/prix-monte-escalier/beville-le-comte-28700-28700,2026-03-03
https://www.cout-monte-escalier.fr/prix-monte-escalier/montcharvot-52400-52400,2026-03-03
https://www.cout-monte-escalier.fr/prix-monte-escalier/justian-32190-32190,2026-03-02
https://www.cout-monte-escalier.fr/prix-monte-escalier/cardaillac-46100-46100,2026-03-02
https://www.cout-monte-escalier.fr/prix-monte-escalier/clansayes-26130-26130,2026-03-02
https://www.cout-monte-escalier.fr/prix-monte-escalier/fonsorbes-31470-31470,2026-03-01
https://www.cout-monte-escalier.fr/prix-monte-escalier/vielle-tursan-40320-40320,2026-03-01
https://www.cout-monte-escalier.fr/prix-monte-escalier/quievrecourt-76270-76270,2026-03-01
https://www.cout-monte-escalier.fr/prix-monte-escalier/villeton-47400-47400,2026-03-01
https://www.cout-monte-escalier.fr/prix-monte-escalier/seringes-et-nesles-02130-02130,2026-03-01
https://www.cout-monte-escalier.fr/prix-monte-escalier/sussargues-34160-34160,2026-03-01
https://www.cout-monte-escalier.fr/prix-monte-escalier/metabief-25370-25370,2026-03-01
https://www.cout-monte-escalier.fr/prix-monte-escalier/pezarches-77131-77131,2026-03-01
https://www.cout-monte-escalier.fr/prix-monte-escalier/piegon-26110-26110,2026-03-01
https://www.cout-monte-escalier.fr/prix-monte-escalier/mont-sur-meurthe-54360-54360,2026-03-01
https://www.cout-monte-escalier.fr/prix-monte-escalier/vahl-les-faulquemont-57380-57380,2026-03-01
https://www.cout-monte-escalier.fr/prix-monte-escalier/fontaine-fourches-77480-77480,2026-02-28
https://www.cout-monte-escalier.fr/prix-monte-escalier/ancier-70100-70100,2026-02-28
https://www.cout-monte-escalier.fr/prix-monte-escalier/civray-86400-86400,2026-02-28
https://www.cout-monte-escalier.fr/prix-monte-escalier/fontvannes-10190-10190,2026-02-28
https://www.cout-monte-escalier.fr/prix-monte-escalier/saulcy-10200-10200,2026-02-28
https://www.cout-monte-escalier.fr/prix-monte-escalier/epagne-10500-10500,2026-02-28
https://www.cout-monte-escalier.fr/prix-monte-escalier/zellwiller-67140-67140,2026-02-28
https://www.cout-monte-escalier.fr/prix-monte-escalier/chamery-51500-51500,2026-02-28
https://www.cout-monte-escalier.fr/prix-monte-escalier/anthelupt-54110-54110,2026-02-28
https://www.cout-monte-escalier.fr/prix-monte-escalier/oupia-34210-34210,2026-02-28
https://www.cout-monte-escalier.fr/prix-monte-escalier/villers-la-montagne-54920-54920,2026-02-28
https://www.cout-monte-escalier.fr/prix-monte-escalier/biard-86580-86580,2026-02-27
https://www.cout-monte-escalier.fr/prix-monte-escalier/mommenheim-67670-67670,2026-02-27
https://cout-monte-escalier.fr/prix-monte-escalier/aveze-30120-30120,2026-02-27
https://cout-monte-escalier.fr/prix-monte-escalier/ruan-sur-egvonne-41270-41270,2026-02-27
https://www.cout-monte-escalier.fr/prix-monte-escalier/fontenay-de-bossery-10400-10400,2026-02-27
https://cout-monte-escalier.fr/prix-monte-escalier/venisey-70500-70500,2026-02-27
https://www.cout-monte-escalier.fr/prix-monte-escalier/marignana-20141-20141,2026-02-27
https://www.cout-monte-escalier.fr/prix-monte-escalier/rouffiac-81150-81150,2026-02-27
https://www.cout-monte-escalier.fr/prix-monte-escalier/benque-31420-31420,2026-02-26
https://cout-monte-escalier.fr/prix-monte-escalier/alleyras-43580-43580,2026-02-26
https://www.cout-monte-escalier.fr/prix-monte-escalier/marcilly-le-hayer-10290-10290,2026-02-26
https://www.cout-monte-escalier.fr/prix-monte-escalier/st-loup-cammas-31140-31140,2026-02-26
https://www.cout-monte-escalier.fr/prix-monte-escalier/pomoy-70240-70240,2026-02-26
https://www.cout-monte-escalier.fr/prix-monte-escalier/croisilles-61230-61230,2026-02-26
https://www.cout-monte-escalier.fr/prix-monte-escalier/arcey-21410-21410,2026-02-26
https://cout-monte-escalier.fr/prix-monte-escalier/aujargues-30250-30250,2026-02-26
https://www.cout-monte-escalier.fr/prix-monte-escalier/beaufay-72110-72110,2026-02-26
https://www.cout-monte-escalier.fr/prix-monte-escalier/crocicchia-20290-20290,2026-02-26
https://www.cout-monte-escalier.fr/prix-monte-escalier/vieilmoulin-21540-21540,2026-02-26
https://www.cout-monte-escalier.fr/prix-monte-escalier/rouille-86480-86480,2026-02-26
https://www.cout-monte-escalier.fr/prix-monte-escalier/croix-90100-90100,2026-02-26
https://www.cout-monte-escalier.fr/prix-monte-escalier/bellevesvre-71270-71270,2026-02-26
https://www.cout-monte-escalier.fr/prix-monte-escalier/st-paul-73170-73170,2026-02-26
https://www.cout-monte-escalier.fr/prix-monte-escalier/la-gonfriere-61550-61550,2026-02-26
https://www.cout-monte-escalier.fr/prix-monte-escalier/tournan-en-brie-77220-77220,2026-02-26
https://www.cout-monte-escalier.fr/prix-monte-escalier/la-racineuse-71310-71310,2026-02-25
https://www.cout-monte-escalier.fr/prix-monte-escalier/juvigny-02880-02880,2026-02-25
https://www.cout-monte-escalier.fr/prix-monte-escalier/villegaudin-71620-71620,2026-02-25
https://www.cout-monte-escalier.fr/prix-monte-escalier/ste-catherine-de-fierbois-37800-37800,2026-02-25
https://www.cout-monte-escalier.fr/prix-monte-escalier/st-prouant-85110-85110,2026-02-25
https://www.cout-monte-escalier.fr/prix-monte-escalier/binson-et-orquigny-51700-51700,2026-02-25
https://www.cout-monte-escalier.fr/prix-monte-escalier/marsan-32270-32270,2026-02-25
https://www.cout-monte-escalier.fr/prix-monte-escalier/soleilhas-04120-04120,2026-02-25
https://www.cout-monte-escalier.fr/prix-monte-escalier/savigneux-42600-42600,2026-02-25
https://www.cout-monte-escalier.fr/prix-monte-escalier/lavaur-81500-81500,2026-02-25
https://www.cout-monte-escalier.fr/prix-monte-escalier/bonnal-25680-25680,2026-02-25
https://www.cout-monte-escalier.fr/prix-monte-escalier/javaugues-43100-43100,2026-02-25
https://www.cout-monte-escalier.fr/prix-monte-escalier/cornillac-26510-26510,2026-02-25
https://www.cout-monte-escalier.fr/prix-monte-escalier/orbigny-37460-37460,2026-02-25
https://www.cout-monte-escalier.fr/prix-monte-escalier/sablons-33910-33910,2026-02-25
https://www.cout-monte-escalier.fr/prix-monte-escalier/angeot-90150-90150,2026-02-25
https://www.cout-monte-escalier.fr/prix-monte-escalier/combleux-45800-45800,2026-02-24
https://www.cout-monte-escalier.fr/prix-monte-escalier/montaulin-10270-10270,2026-02-24
https://www.cout-monte-escalier.fr/prix-monte-escalier/ste-neomaye-79260-79260,2026-02-24
https://www.cout-monte-escalier.fr/prix-monte-escalier/st-palais-du-ne-16300-16300,2026-02-24
https://www.cout-monte-escalier.fr/prix-monte-escalier/vitrac-st-vincent-16310-16310,2026-02-24
https://www.cout-monte-escalier.fr/prix-monte-escalier/le-castellet-04700-04700,2026-02-24
https://www.cout-monte-escalier.fr/prix-monte-escalier/entre-vignes-34400-34400,2026-02-24
https://www.cout-monte-escalier.fr/prix-monte-escalier/pouilly-sur-serre-02270-02270,2026-02-24
https://www.cout-monte-escalier.fr/prix-monte-escalier/montsoue-40500-40500,2026-02-24
https://www.cout-monte-escalier.fr/prix-monte-escalier/montgaillard-40500-40500,2026-02-24
https://www.cout-monte-escalier.fr/prix-monte-escalier/fournet-blancheroche-25140-25140,2026-02-23
https://www.cout-monte-escalier.fr/prix-monte-escalier/marsonnas-01340-01340,2026-02-23
https://www.cout-monte-escalier.fr/prix-monte-escalier/aubusson-61100-61100,2026-02-23
https://www.cout-monte-escalier.fr/prix-monte-escalier/st-martin-les-langres-52200-52200,2026-02-23
https://www.cout-monte-escalier.fr/prix-monte-escalier/montceaux-les-meaux-77470-77470,2026-02-23
https://www.cout-monte-escalier.fr/prix-monte-escalier/pietralba-20218-20218,2026-02-23
https://www.cout-monte-escalier.fr/prix-monte-escalier/guermange-57260-57260,2026-02-23
https://www.cout-monte-escalier.fr/prix-monte-escalier/lussault-sur-loire-37400-37400,2026-02-23
https://www.cout-monte-escalier.fr/prix-monte-escalier/senac-65140-65140,2026-02-23
https://www.cout-monte-escalier.fr/prix-monte-escalier/cabanac-et-villagrains-33650-33650,2026-02-23
https://www.cout-monte-escalier.fr/prix-monte-escalier/locronan-29180-29180,2026-02-23
https://www.cout-monte-escalier.fr/prix-monte-escalier/fusterouau-32400-32400,2026-02-23
https://www.cout-monte-escalier.fr/prix-monte-escalier/magny-jobert-70200-70200,2026-02-23
https://www.cout-monte-escalier.fr/prix-monte-escalier/gaja-et-villedieu-11300-11300,2026-02-23
https://www.cout-monte-escalier.fr/prix-monte-escalier/charolles-71120-71120,2026-02-23
https://www.cout-monte-escalier.fr/prix-monte-escalier/mereville-54850-54850,2026-02-23
https://www.cout-monte-escalier.fr/prix-monte-escalier/bischwihr-68320-68320,2026-02-23
https://www.cout-monte-escalier.fr/prix-monte-escalier/fleuriel-03140-03140,2026-02-23
https://www.cout-monte-escalier.fr/prix-monte-escalier/noves-13550-13550,2026-02-23
https://www.cout-monte-escalier.fr/prix-monte-escalier/villavard-41800-41800,2026-02-23
https://www.cout-monte-escalier.fr/prix-monte-escalier/ettendorf-67350-67350,2026-02-23
https://www.cout-monte-escalier.fr/prix-monte-escalier/la-boussac-35120-35120,2026-02-23
https://www.cout-monte-escalier.fr/prix-monte-escalier/st-jean-kourtzerode-57370-57370,2026-02-23
https://www.cout-monte-escalier.fr/prix-monte-escalier/lumbres-62380-62380,2026-02-23
https://www.cout-monte-escalier.fr/prix-monte-escalier/st-genouph-37510-37510,2026-02-23
https://www.cout-monte-escalier.fr/prix-monte-escalier/mourenx-64150-64150,2026-02-23
https://www.cout-monte-escalier.fr/prix-monte-escalier/treignat-03380-03380,2026-02-23
https://www.cout-monte-escalier.fr/prix-monte-escalier/valgelon-la-rochette-73110-73110,2026-02-23
https://www.cout-monte-escalier.fr/prix-monte-escalier/gerzat-63360-63360,2026-02-23
https://www.cout-monte-escalier.fr/prix-monte-escalier/hieres-sur-amby-38118-38118,2026-02-23
https://www.cout-monte-escalier.fr/prix-monte-escalier/omex-65100-65100,2026-02-22
https://www.cout-monte-escalier.fr/prix-monte-escalier/veilhes-81500-81500,2026-02-22
https://www.cout-monte-escalier.fr/prix-monte-escalier/gennes-longuefuye-53200-53200,2026-02-22
https://www.cout-monte-escalier.fr/prix-monte-escalier/crevoux-05200-05200,2026-02-22
https://www.cout-monte-escalier.fr/prix-monte-escalier/kerfot-22500-22500,2026-02-22
https://www.cout-monte-escalier.fr/prix-monte-escalier/les-brouzils-85260-85260,2026-02-22
https://www.cout-monte-escalier.fr/prix-monte-escalier/schwerdorff-57320-57320,2026-02-22
https://www.cout-monte-escalier.fr/prix-monte-escalier/st-martin-en-gatinois-71350-71350,2026-02-22
https://www.cout-monte-escalier.fr/prix-monte-escalier/schwoben-68130-68130,2026-02-22
https://www.cout-monte-escalier.fr/prix-monte-escalier/la-roche-jaudy-22450-22450,2026-02-22
https://www.cout-monte-escalier.fr/prix-monte-escalier/la-voivre-70310-70310,2026-02-22
https://www.cout-monte-escalier.fr/prix-monte-escalier/montbellet-71260-71260,2026-02-22
https://www.cout-monte-escalier.fr/prix-monte-escalier/duvy-60800-60800,2026-02-22
https://www.cout-monte-escalier.fr/prix-monte-escalier/curcay-sur-dive-86120-86120,2026-02-22
https://www.cout-monte-escalier.fr/prix-monte-escalier/meximieux-01800-01800,2026-02-22
https://www.cout-monte-escalier.fr/prix-monte-escalier/roncourt-57860-57860,2026-02-22
https://www.cout-monte-escalier.fr/prix-monte-escalier/labastide-du-haut-mont-46210-46210,2026-02-22
https://www.cout-monte-escalier.fr/prix-monte-escalier/malleval-en-vercors-38470-38470,2026-02-22
https://www.cout-monte-escalier.fr/prix-monte-escalier/isserpent-03120-03120,2026-02-22
https://www.cout-monte-escalier.fr/prix-monte-escalier/carentan-les-marais-50500-50500,2026-02-22
https://www.cout-monte-escalier.fr/prix-monte-escalier/st-victor-de-cessieu-38110-38110,2026-02-22
https://www.cout-monte-escalier.fr/prix-monte-escalier/lemberg-57620-57620,2026-02-22
https://www.cout-monte-escalier.fr/prix-monte-escalier/labarthe-inard-31800-31800,2026-02-22
https://www.cout-monte-escalier.fr/prix-monte-escalier/rocquemont-76680-76680,2026-02-21
https://cout-monte-escalier.fr/prix-monte-escalier/medavy-61570-61570,2026-02-21
https://www.cout-monte-escalier.fr/prix-monte-escalier/haute-goulaine-44115-44115,2026-02-21
https://cout-monte-escalier.fr/prix-monte-escalier/berne-56240-56240,2026-02-21
https://www.cout-monte-escalier.fr/prix-monte-escalier/houdain-62150-62150,2026-02-21
https://www.cout-monte-escalier.fr/prix-monte-escalier/sasnieres-41310-41310,2026-02-21
https://www.cout-monte-escalier.fr/prix-monte-escalier/verneuil-en-bourbonnais-03500-03500,2026-02-21
https://www.cout-monte-escalier.fr/prix-monte-escalier/rothbach-67340-67340,2026-02-21
https://www.cout-monte-escalier.fr/prix-monte-escalier/lachapelle-auzac-46200-46200,2026-02-21
https://www.cout-monte-escalier.fr/prix-monte-escalier/rigny-le-ferron-10160-10160,2026-02-21
https://www.cout-monte-escalier.fr/prix-monte-escalier/marly-le-roi-78160-78160,2026-02-20
https://www.cout-monte-escalier.fr/prix-monte-escalier/st-roch-sur-egrenne-61350-61350,2026-02-20
https://cout-monte-escalier.fr/prix-monte-escalier/sablonnieres-77510-77510,2026-02-20
https://www.cout-monte-escalier.fr/prix-monte-escalier/tremonzey-88240-88240,2026-02-20
https://www.cout-monte-escalier.fr/prix-monte-escalier/rubigny-08220-08220,2026-02-20
https://www.cout-monte-escalier.fr/prix-monte-escalier/lantillac-56120-56120,2026-02-20
https://www.cout-monte-escalier.fr/prix-monte-escalier/chirens-38850-38850,2026-02-20
https://www.cout-monte-escalier.fr/prix-monte-escalier/berles-monchel-62690-62690,2026-02-20
https://www.cout-monte-escalier.fr/prix-monte-escalier/foucrainville-27220-27220,2026-02-20
https://www.cout-monte-escalier.fr/prix-monte-escalier/franqueville-27800-27800,2026-02-20
https://www.cout-monte-escalier.fr/prix-monte-escalier/st-aubin-sous-erquery-60600-60600,2026-02-20
https://www.cout-monte-escalier.fr/prix-monte-escalier/marly-sous-issy-71760-71760,2026-02-20
https://www.cout-monte-escalier.fr/prix-monte-escalier/les-monts-d-aunay-14260-14260,2026-02-20
https://www.cout-monte-escalier.fr/prix-monte-escalier/st-etienne-du-rouvray-76800-76800,2026-02-20
https://www.cout-monte-escalier.fr/prix-monte-escalier/auchel-62260-62260,2026-02-20
https://www.cout-monte-escalier.fr/prix-monte-escalier/les-allues-73550-73550,2026-02-20
https://www.cout-monte-escalier.fr/prix-monte-escalier/voray-sur-l-ognon-70190-70190,2026-02-20
https://www.cout-monte-escalier.fr/prix-monte-escalier/paslieres-63290-63290,2026-02-20
https://www.cout-monte-escalier.fr/prix-monte-escalier/bassuet-51300-51300,2026-02-20
https://www.cout-monte-escalier.fr/prix-monte-escalier/la-ferte-gaucher-77320-77320,2026-02-20
https://www.cout-monte-escalier.fr/prix-monte-escalier/pleyben-29190-29190,2026-02-20
https://www.cout-monte-escalier.fr/prix-monte-escalier/st-mesmin-10280-10280,2026-02-20
https://www.cout-monte-escalier.fr/prix-monte-escalier/belveze-du-razes-11240-11240,2026-02-20
https://www.cout-monte-escalier.fr/prix-monte-escalier/la-chapelle-du-bois-des-faulx-27930-27930,2026-02-20
https://www.cout-monte-escalier.fr/prix-monte-escalier/montboissier-28800-28800,2026-02-20
https://www.cout-monte-escalier.fr/prix-monte-escalier/rouffach-68250-68250,2026-02-20
https://www.cout-monte-escalier.fr/prix-monte-escalier/ranspach-68470-68470,2026-02-20
https://www.cout-monte-escalier.fr/prix-monte-escalier/durmenach-68480-68480,2026-02-20
https://www.cout-monte-escalier.fr/prix-monte-escalier/la-baume-de-transit-26790-26790,2026-02-20
https://www.cout-monte-escalier.fr/prix-monte-escalier/grambois-84240-84240,2026-02-20
https://www.cout-monte-escalier.fr/prix-monte-escalier/treprel-14690-14690,2026-02-20
https://www.cout-monte-escalier.fr/prix-monte-escalier/mazerolles-du-razes-11240-11240,2026-02-20
https://www.cout-monte-escalier.fr/prix-monte-escalier/huttenheim-67230-67230,2026-02-20
https://www.cout-monte-escalier.fr/prix-monte-escalier/la-chapelle-heulin-44330-44330,2026-02-20
https://www.cout-monte-escalier.fr/prix-monte-escalier/ruvigny-10410-10410,2026-02-20
https://www.cout-monte-escalier.fr/prix-monte-escalier/bulhon-63350-63350,2026-02-20
https://www.cout-monte-escalier.fr/prix-monte-escalier/embres-et-castelmaure-11360-11360,2026-02-20
https://www.cout-monte-escalier.fr/prix-monte-escalier/st-maurice-de-gourdans-01800-01800,2026-02-20
https://www.cout-monte-escalier.fr/prix-monte-escalier/solaize-69360-69360,2026-02-20
https://www.cout-monte-escalier.fr/prix-monte-escalier/champigny-la-futelaye-27220-27220,2026-02-20
https://www.cout-monte-escalier.fr/prix-monte-escalier/ingolsheim-67250-67250,2026-02-20
https://www.cout-monte-escalier.fr/prix-monte-escalier/mariol-03270-03270,2026-02-20
https://www.cout-monte-escalier.fr/prix-monte-escalier/sommerau-67440-67440,2026-02-20
https://www.cout-monte-escalier.fr/prix-monte-escalier/vailly-10150-10150,2026-02-20
https://www.cout-monte-escalier.fr/prix-monte-escalier/lasserrade-32160-32160,2026-02-20
https://www.cout-monte-escalier.fr/prix-monte-escalier/payns-10600-10600,2026-02-20
https://www.cout-monte-escalier.fr/prix-monte-escalier/torcy-le-grand-10700-10700,2026-02-20
https://www.cout-monte-escalier.fr/prix-monte-escalier/mas-grenier-82600-82600,2026-02-20
https://www.cout-monte-escalier.fr/prix-monte-escalier/mijoux-01170-01170,2026-02-20
https://www.cout-monte-escalier.fr/prix-monte-escalier/bailleulmont-62123-62123,2026-02-20
https://www.cout-monte-escalier.fr/prix-monte-escalier/le-gua-38450-38450,2026-02-20
https://www.cout-monte-escalier.fr/prix-monte-escalier/valdrome-26310-26310,2026-02-20
https://www.cout-monte-escalier.fr/prix-monte-escalier/bazinghen-62250-62250,2026-02-20
https://www.cout-monte-escalier.fr/prix-monte-escalier/le-fay-71580-71580,2026-02-20
https://www.cout-monte-escalier.fr/prix-monte-escalier/st-jean-aux-bois-08220-08220,2026-02-20
https://www.cout-monte-escalier.fr/prix-monte-escalier/montge-en-goele-77230-77230,2026-02-20
https://www.cout-monte-escalier.fr/prix-monte-escalier/villers-tournelle-80500-80500,2026-02-20
https://www.cout-monte-escalier.fr/prix-monte-escalier/coatreven-22450-22450,2026-02-20
https://www.cout-monte-escalier.fr/prix-monte-escalier/longvillers-14310-14310,2026-02-20
https://www.cout-monte-escalier.fr/prix-monte-escalier/st-laurent-de-cuves-50670-50670,2026-02-20
https://www.cout-monte-escalier.fr/prix-monte-escalier/douriez-62870-62870,2026-02-20
https://www.cout-monte-escalier.fr/prix-monte-escalier/lavoine-03250-03250,2026-02-20
https://www.cout-monte-escalier.fr/prix-monte-escalier/barberey-st-sulpice-10600-10600,2026-02-20
https://www.cout-monte-escalier.fr/prix-monte-escalier/castelnavet-32290-32290,2026-02-20
https://www.cout-monte-escalier.fr/prix-monte-escalier/hanviller-57230-57230,2026-02-20
https://www.cout-monte-escalier.fr/prix-monte-escalier/le-mayet-de-montagne-03250-03250,2026-02-20
https://www.cout-monte-escalier.fr/prix-monte-escalier/neuilh-65200-65200,2026-02-20
https://www.cout-monte-escalier.fr/prix-monte-escalier/soppe-le-bas-68780-68780,2026-02-20
https://www.cout-monte-escalier.fr/prix-monte-escalier/le-beulay-88490-88490,2026-02-20
https://www.cout-monte-escalier.fr/prix-monte-escalier/gourdan-polignan-31210-31210,2026-02-20
https://www.cout-monte-escalier.fr/prix-monte-escalier/tudelle-32190-32190,2026-02-20
https://www.cout-monte-escalier.fr/prix-monte-escalier/savournon-05700-05700,2026-02-20
https://www.cout-monte-escalier.fr/prix-monte-escalier/ambutrix-01500-01500,2026-02-20
https://www.cout-monte-escalier.fr/prix-monte-escalier/combertault-21200-21200,2026-02-20
https://www.cout-monte-escalier.fr/prix-monte-escalier/conde-sur-vire-50420-50420,2026-02-20
https://www.cout-monte-escalier.fr/prix-monte-escalier/lasserre-pradere-31530-31530,2026-02-20
https://www.cout-monte-escalier.fr/prix-monte-escalier/st-cyr-71240-71240,2026-02-20
https://www.cout-monte-escalier.fr/prix-monte-escalier/bourgneuf-17220-17220,2026-02-20
https://www.cout-monte-escalier.fr/prix-monte-escalier/athee-sur-cher-37270-37270,2026-02-20
https://www.cout-monte-escalier.fr/prix-monte-escalier/soulignac-33760-33760,2026-02-20
https://www.cout-monte-escalier.fr/prix-monte-escalier/ste-marie-aux-chenes-57255-57255,2026-02-20
https://www.cout-monte-escalier.fr/prix-monte-escalier/echauffour-61370-61370,2026-02-20
https://www.cout-monte-escalier.fr/prix-monte-escalier/la-bussiere-86310-86310,2026-02-19
https://www.cout-monte-escalier.fr/prix-monte-escalier/noyers-pont-maugis-08350-08350,2026-02-19
https://www.cout-monte-escalier.fr/prix-monte-escalier/littenheim-67490-67490,2026-02-19
https://www.cout-monte-escalier.fr/prix-monte-escalier/sarralbe-57430-57430,2026-02-19
https://www.cout-monte-escalier.fr/prix-monte-escalier/toussus-le-noble-78117-78117,2026-02-19
https://www.cout-monte-escalier.fr/prix-monte-escalier/serez-27220-27220,2026-02-19
https://www.cout-monte-escalier.fr/prix-monte-escalier/bousseviller-57230-57230,2026-02-19
https://www.cout-monte-escalier.fr/prix-monte-escalier/dieuze-57260-57260,2026-02-19
https://www.cout-monte-escalier.fr/prix-monte-escalier/plouzelambre-22420-22420,2026-02-19
https://www.cout-monte-escalier.fr/prix-monte-escalier/thory-89200-89200,2026-02-19
https://www.cout-monte-escalier.fr/prix-monte-escalier/st-julien-de-concelles-44450-44450,2026-02-19
https://www.cout-monte-escalier.fr/prix-monte-escalier/maisdon-sur-sevre-44690-44690,2026-02-19
https://www.cout-monte-escalier.fr/prix-monte-escalier/genouilleux-01090-01090,2026-02-19
https://www.cout-monte-escalier.fr/prix-monte-escalier/norrey-en-auge-14620-14620,2026-02-19
https://www.cout-monte-escalier.fr/prix-monte-escalier/la-chapelle-montmartin-41320-41320,2026-02-19
https://www.cout-monte-escalier.fr/prix-monte-escalier/villeneuve-les-avignon-30400-30400,2026-02-19
https://www.cout-monte-escalier.fr/prix-monte-escalier/st-martin-en-biere-77630-77630,2026-02-19
https://www.cout-monte-escalier.fr/prix-monte-escalier/lauterbourg-67630-67630,2026-02-19
https://www.cout-monte-escalier.fr/prix-monte-escalier/marchemoret-77230-77230,2026-02-19
https://www.cout-monte-escalier.fr/prix-monte-escalier/rodemack-57570-57570,2026-02-19
https://www.cout-monte-escalier.fr/prix-monte-escalier/remecourt-60600-60600,2026-02-19
https://www.cout-monte-escalier.fr/prix-monte-escalier/hinsbourg-67290-67290,2026-02-19
https://www.cout-monte-escalier.fr/prix-monte-escalier/sery-les-mezieres-02240-02240,2026-02-19
https://www.cout-monte-escalier.fr/prix-monte-escalier/sauzet-46140-46140,2026-02-19
https://www.cout-monte-escalier.fr/prix-monte-escalier/loyettes-01360-01360,2026-02-19
https://www.cout-monte-escalier.fr/prix-monte-escalier/fixem-57570-57570,2026-02-19
https://www.cout-monte-escalier.fr/prix-monte-escalier/brancourt-en-laonnois-02320-02320,2026-02-19
https://www.cout-monte-escalier.fr/prix-monte-escalier/vinzelles-63350-63350,2026-02-19
https://www.cout-monte-escalier.fr/prix-monte-escalier/lanches-st-hilaire-80620-80620,2026-02-19
https://www.cout-monte-escalier.fr/prix-monte-escalier/steinbrunn-le-bas-68440-68440,2026-02-19
https://www.cout-monte-escalier.fr/prix-monte-escalier/laferte-sur-amance-52500-52500,2026-02-19
https://www.cout-monte-escalier.fr/prix-monte-escalier/schweyen-57720-57720,2026-02-19
https://www.cout-monte-escalier.fr/prix-monte-escalier/arry-80120-80120,2026-02-19
https://www.cout-monte-escalier.fr/prix-monte-escalier/eysus-64400-64400,2026-02-19
https://www.cout-monte-escalier.fr/prix-monte-escalier/bourg-bruche-67420-67420,2026-02-19
https://www.cout-monte-escalier.fr/prix-monte-escalier/st-christophe-73360-73360,2026-02-19
https://www.cout-monte-escalier.fr/prix-monte-escalier/audresselles-62164-62164,2026-02-19
https://www.cout-monte-escalier.fr/prix-monte-escalier/brucourt-14160-14160,2026-02-19
https://www.cout-monte-escalier.fr/prix-monte-escalier/martainville-14220-14220,2026-02-19
https://www.cout-monte-escalier.fr/prix-monte-escalier/grevillers-62450-62450,2026-02-19
https://www.cout-monte-escalier.fr/prix-monte-escalier/les-angles-65100-65100,2026-02-19
https://www.cout-monte-escalier.fr/prix-monte-escalier/morgny-la-pommeraye-76750-76750,2026-02-19
https://www.cout-monte-escalier.fr/prix-monte-escalier/montjoyer-26230-26230,2026-02-19
https://www.cout-monte-escalier.fr/prix-monte-escalier/coulommiers-la-tour-41100-41100,2026-02-19
https://www.cout-monte-escalier.fr/prix-monte-escalier/buire-courcelles-80200-80200,2026-02-19
https://www.cout-monte-escalier.fr/prix-monte-escalier/le-quesne-80430-80430,2026-02-19
https://www.cout-monte-escalier.fr/prix-monte-escalier/marolles-les-buis-28400-28400,2026-02-19
https://www.cout-monte-escalier.fr/prix-monte-escalier/ris-63290-63290,2026-02-19
https://www.cout-monte-escalier.fr/prix-monte-escalier/longepierre-71270-71270,2026-02-19
https://www.cout-monte-escalier.fr/prix-monte-escalier/iguerande-71340-71340,2026-02-19
https://www.cout-monte-escalier.fr/prix-monte-escalier/six-fours-les-plages-83140-83140,2026-02-19
https://www.cout-monte-escalier.fr/prix-monte-escalier/st-martin-du-lac-71110-71110,2026-02-19
https://www.cout-monte-escalier.fr/prix-monte-escalier/campigneulles-les-grandes-62170-62170,2026-02-19
https://www.cout-monte-escalier.fr/prix-monte-escalier/st-julien-sur-cher-41320-41320,2026-02-19
https://www.cout-monte-escalier.fr/prix-monte-escalier/le-menil-berard-61270-61270,2026-02-19
https://www.cout-monte-escalier.fr/prix-monte-escalier/narbonne-11100-11100,2026-02-19
https://www.cout-monte-escalier.fr/prix-monte-escalier/blingel-62770-62770,2026-02-19
https://www.cout-monte-escalier.fr/prix-monte-escalier/saulce-sur-rhone-26270-26270,2026-02-19
https://www.cout-monte-escalier.fr/prix-monte-escalier/la-chapelle-blanche-st-martin-37240-37240,2026-02-19
https://www.cout-monte-escalier.fr/prix-monte-escalier/mezin-47170-47170,2026-02-19
https://www.cout-monte-escalier.fr/prix-monte-escalier/henu-62760-62760,2026-02-19
https://www.cout-monte-escalier.fr/prix-monte-escalier/caudebronde-11390-11390,2026-02-19
https://www.cout-monte-escalier.fr/prix-monte-escalier/brocourt-80430-80430,2026-02-19
https://www.cout-monte-escalier.fr/prix-monte-escalier/rimons-33580-33580,2026-02-19
https://www.cout-monte-escalier.fr/prix-monte-escalier/pierremande-02300-02300,2026-02-19
https://www.cout-monte-escalier.fr/prix-monte-escalier/preixan-11250-11250,2026-02-19
https://www.cout-monte-escalier.fr/prix-monte-escalier/bezouotte-21310-21310,2026-02-19
https://www.cout-monte-escalier.fr/prix-monte-escalier/ste-marie-aux-mines-68160-68160,2026-02-19
https://www.cout-monte-escalier.fr/prix-monte-escalier/holving-57510-57510,2026-02-19
https://www.cout-monte-escalier.fr/prix-monte-escalier/beaurainville-62990-62990,2026-02-19
https://www.cout-monte-escalier.fr/prix-monte-escalier/saales-67420-67420,2026-02-19
https://www.cout-monte-escalier.fr/prix-monte-escalier/lamecourt-60600-60600,2026-02-19
https://www.cout-monte-escalier.fr/prix-monte-escalier/labrousse-15130-15130,2026-02-19
https://www.cout-monte-escalier.fr/prix-monte-escalier/st-leger-17800-17800,2026-02-19
https://www.cout-monte-escalier.fr/prix-monte-escalier/bellegarde-du-razes-11240-11240,2026-02-19
https://www.cout-monte-escalier.fr/prix-monte-escalier/roques-32310-32310,2026-02-19
https://www.cout-monte-escalier.fr/prix-monte-escalier/bouxwiller-68480-68480,2026-02-18
https://www.cout-monte-escalier.fr/prix-monte-escalier/averdoingt-62127-62127,2026-02-18
https://www.cout-monte-escalier.fr/prix-monte-escalier/uffholtz-68700-68700,2026-02-18
https://www.cout-monte-escalier.fr/prix-monte-escalier/normanville-76640-76640,2026-02-18
https://www.cout-monte-escalier.fr/prix-monte-escalier/saulxures-67420-67420,2026-02-18
https://www.cout-monte-escalier.fr/prix-monte-escalier/feyzin-69320-69320,2026-02-18
https://www.cout-monte-escalier.fr/prix-monte-escalier/norolles-14100-14100,2026-02-18
https://www.cout-monte-escalier.fr/prix-monte-escalier/leignes-sur-fontaine-86300-86300,2026-02-18
https://www.cout-monte-escalier.fr/prix-monte-escalier/la-calotterie-62170-62170,2026-02-18
https://www.cout-monte-escalier.fr/prix-monte-escalier/hulluch-62410-62410,2026-02-18
https://www.cout-monte-escalier.fr/prix-monte-escalier/gemenos-13420-13420,2026-02-18
https://www.cout-monte-escalier.fr/prix-monte-escalier/brebieres-62117-62117,2026-02-18
https://www.cout-monte-escalier.fr/prix-monte-escalier/signes-83870-83870,2026-02-18
https://www.cout-monte-escalier.fr/prix-monte-escalier/montholon-89710-89710,2026-02-18
https://www.cout-monte-escalier.fr/prix-monte-escalier/frontenard-71270-71270,2026-02-18
https://www.cout-monte-escalier.fr/prix-monte-escalier/routier-11240-11240,2026-02-18
https://www.cout-monte-escalier.fr/prix-monte-escalier/les-genettes-61270-61270,2026-02-18
https://www.cout-monte-escalier.fr/prix-monte-escalier/ferrieres-haut-clocher-27190-27190,2026-02-18
https://www.cout-monte-escalier.fr/prix-monte-escalier/reez-fosse-martin-60620-60620,2026-02-18
https://www.cout-monte-escalier.fr/prix-monte-escalier/st-palais-sur-mer-17420-17420,2026-02-18
https://www.cout-monte-escalier.fr/prix-monte-escalier/gez-ez-angles-65100-65100,2026-02-18
https://www.cout-monte-escalier.fr/prix-monte-escalier/entre-deux-guiers-38380-38380,2026-02-18
https://www.cout-monte-escalier.fr/prix-monte-escalier/beaumont-pied-de-boeuf-53290-53290,2026-02-18
https://www.cout-monte-escalier.fr/prix-monte-escalier/schillersdorf-67340-67340,2026-02-18
https://www.cout-monte-escalier.fr/prix-monte-escalier/guemappe-62128-62128,2026-02-18
https://www.cout-monte-escalier.fr/prix-monte-escalier/mittelbronn-57370-57370,2026-02-18
https://www.cout-monte-escalier.fr/prix-monte-escalier/langoiran-33550-33550,2026-02-18
https://www.cout-monte-escalier.fr/prix-monte-escalier/villelongue-d-aude-11300-11300,2026-02-18
https://www.cout-monte-escalier.fr/prix-monte-escalier/buzy-64260-64260,2026-02-18
https://www.cout-monte-escalier.fr/prix-monte-escalier/st-selve-33650-33650,2026-02-18
https://www.cout-monte-escalier.fr/prix-monte-escalier/ablancourt-51240-51240,2026-02-18
https://www.cout-monte-escalier.fr/prix-monte-escalier/bernot-02120-02120,2026-02-18
https://www.cout-monte-escalier.fr/prix-monte-escalier/boisney-27800-27800,2026-02-18
https://www.cout-monte-escalier.fr/prix-monte-escalier/berling-57370-57370,2026-02-18
https://www.cout-monte-escalier.fr/prix-monte-escalier/boust-57570-57570,2026-02-18
https://www.cout-monte-escalier.fr/prix-monte-escalier/maltot-14930-14930,2026-02-18
https://www.cout-monte-escalier.fr/prix-monte-escalier/riantec-56670-56670,2026-02-18
https://www.cout-monte-escalier.fr/prix-monte-escalier/ste-gauburge-ste-colombe-61370-61370,2026-02-18
https://www.cout-monte-escalier.fr/prix-monte-escalier/haplincourt-62124-62124,2026-02-18
https://www.cout-monte-escalier.fr/prix-monte-escalier/st-cheron-91530-91530,2026-02-18
https://www.cout-monte-escalier.fr/prix-monte-escalier/dalhain-57340-57340,2026-02-18
https://www.cout-monte-escalier.fr/prix-monte-escalier/lasseubetat-64290-64290,2026-02-18
https://www.cout-monte-escalier.fr/prix-monte-escalier/lesseux-88490-88490,2026-02-18
https://www.cout-monte-escalier.fr/prix-monte-escalier/la-croix-de-la-rochette-73110-73110,2026-02-18
https://www.cout-monte-escalier.fr/prix-monte-escalier/pact-38270-38270,2026-02-18
https://www.cout-monte-escalier.fr/prix-monte-escalier/roussy-le-village-57330-57330,2026-02-18
https://www.cout-monte-escalier.fr/prix-monte-escalier/regnie-durette-69430-69430,2026-02-18
https://www.cout-monte-escalier.fr/prix-monte-escalier/campagne-d-armagnac-32800-32800,2026-02-18
https://www.cout-monte-escalier.fr/prix-monte-escalier/hericourt-62130-62130,2026-02-18
https://www.cout-monte-escalier.fr/prix-monte-escalier/st-amand-sur-fion-51300-51300,2026-02-18
https://www.cout-monte-escalier.fr/prix-monte-escalier/lupiac-32290-32290,2026-02-18
https://www.cout-monte-escalier.fr/prix-monte-escalier/bourret-82700-82700,2026-02-18
https://www.cout-monte-escalier.fr/prix-monte-escalier/roullens-11290-11290,2026-02-18
https://www.cout-monte-escalier.fr/prix-monte-escalier/malras-11300-11300,2026-02-18
https://www.cout-monte-escalier.fr/prix-monte-escalier/orin-64400-64400,2026-02-18
https://www.cout-monte-escalier.fr/prix-monte-escalier/agnos-64400-64400,2026-02-18
https://www.cout-monte-escalier.fr/prix-monte-escalier/creys-mepieu-38510-38510,2026-02-18
https://www.cout-monte-escalier.fr/prix-monte-escalier/jouhet-86500-86500,2026-02-18
https://www.cout-monte-escalier.fr/prix-monte-escalier/bourscheid-57370-57370,2026-02-18
https://www.cout-monte-escalier.fr/prix-monte-escalier/ollioules-83190-83190,2026-02-18
https://www.cout-monte-escalier.fr/prix-monte-escalier/les-noes-pres-troyes-10420-10420,2026-02-18
https://www.cout-monte-escalier.fr/prix-monte-escalier/trizay-17250-17250,2026-02-18
https://www.cout-monte-escalier.fr/prix-monte-escalier/bouvaincourt-sur-bresle-80220-80220,2026-02-18
https://www.cout-monte-escalier.fr/prix-monte-escalier/berles-au-bois-62123-62123,2026-02-18
https://www.cout-monte-escalier.fr/prix-monte-escalier/st-loup-du-gast-53300-53300,2026-02-18
https://www.cout-monte-escalier.fr/prix-monte-escalier/beauvoir-de-marc-38440-38440,2026-02-18
https://www.cout-monte-escalier.fr/prix-monte-escalier/tertry-80200-80200,2026-02-18
https://cout-monte-escalier.fr/prix-monte-escalier/laudun-l-ardoise-30290-30290,2026-02-18
https://www.cout-monte-escalier.fr/prix-monte-escalier/fremainville-95450-95450,2026-02-18
https://www.cout-monte-escalier.fr/prix-monte-escalier/la-brede-33650-33650,2026-02-18
https://www.cout-monte-escalier.fr/prix-monte-escalier/donazac-11240-11240,2026-02-18
https://www.cout-monte-escalier.fr/prix-monte-escalier/cizos-65230-65230,2026-02-18
https://www.cout-monte-escalier.fr/prix-monte-escalier/issor-64570-64570,2026-02-18
https://www.cout-monte-escalier.fr/prix-monte-escalier/foncquevillers-62111-62111,2026-02-18
https://www.cout-monte-escalier.fr/prix-monte-escalier/les-loges-sur-brecey-50370-50370,2026-02-18
https://www.cout-monte-escalier.fr/prix-monte-escalier/raves-88520-88520,2026-02-18
https://www.cout-monte-escalier.fr/prix-monte-escalier/linguizzetta-20230-20230,2026-02-18
https://www.cout-monte-escalier.fr/prix-monte-escalier/remering-les-puttelange-57510-57510,2026-02-18
https://www.cout-monte-escalier.fr/prix-monte-escalier/liesse-notre-dame-02350-02350,2026-02-18
https://www.cout-monte-escalier.fr/prix-monte-escalier/st-albin-de-vaulserre-38480-38480,2026-02-18
https://www.cout-monte-escalier.fr/prix-monte-escalier/st-goin-64400-64400,2026-02-18
https://www.cout-monte-escalier.fr/prix-monte-escalier/betoncourt-sur-mance-70500-70500,2026-02-18
https://www.cout-monte-escalier.fr/prix-monte-escalier/hauteville-02120-02120,2026-02-18
https://www.cout-monte-escalier.fr/prix-monte-escalier/valle-di-campoloro-20221-20221,2026-02-18
https://www.cout-monte-escalier.fr/prix-monte-escalier/lubine-88490-88490,2026-02-18
https://www.cout-monte-escalier.fr/prix-monte-escalier/pourlans-71270-71270,2026-02-18
https://www.cout-monte-escalier.fr/prix-monte-escalier/arrayou-lahitte-65100-65100,2026-02-18
https://www.cout-monte-escalier.fr/prix-monte-escalier/grigny-62140-62140,2026-02-18
https://www.cout-monte-escalier.fr/prix-monte-escalier/quirbajou-11500-11500,2026-02-18
https://www.cout-monte-escalier.fr/prix-monte-escalier/neuffons-33580-33580,2026-02-18
https://www.cout-monte-escalier.fr/prix-monte-escalier/st-morillon-33650-33650,2026-02-18
https://www.cout-monte-escalier.fr/prix-monte-escalier/chevrainvilliers-77760-77760,2026-02-18
https://www.cout-monte-escalier.fr/prix-monte-escalier/castelmoron-d-albret-33540-33540,2026-02-18
https://www.cout-monte-escalier.fr/prix-monte-escalier/caillavet-32190-32190,2026-02-18
https://www.cout-monte-escalier.fr/prix-monte-escalier/fieulaine-02110-02110,2026-02-18
https://www.cout-monte-escalier.fr/prix-monte-escalier/primarette-38270-38270,2026-02-18
https://www.cout-monte-escalier.fr/prix-monte-escalier/cussy-en-morvan-71550-71550,2026-02-18
https://www.cout-monte-escalier.fr/prix-monte-escalier/portets-33640-33640,2026-02-18
https://www.cout-monte-escalier.fr/prix-monte-escalier/dachstein-67120-67120,2026-02-18
https://www.cout-monte-escalier.fr/prix-monte-escalier/thaire-17290-17290,2026-02-18
https://www.cout-monte-escalier.fr/prix-monte-escalier/lavau-10150-10150,2026-02-18
https://www.cout-monte-escalier.fr/prix-monte-escalier/st-marcel-54800-54800,2026-02-18
https://www.cout-monte-escalier.fr/prix-monte-escalier/aramits-64570-64570,2026-02-18
https://www.cout-monte-escalier.fr/prix-monte-escalier/conchy-sur-canche-62270-62270,2026-02-18
https://www.cout-monte-escalier.fr/prix-monte-escalier/solerieux-26130-26130,2026-02-18
https://www.cout-monte-escalier.fr/prix-monte-escalier/pierrepont-02350-02350,2026-02-18
https://www.cout-monte-escalier.fr/prix-monte-escalier/audinghen-62179-62179,2026-02-18
https://www.cout-monte-escalier.fr/prix-monte-escalier/chateldon-63290-63290,2026-02-18
https://www.cout-monte-escalier.fr/prix-monte-escalier/ste-croix-02820-02820,2026-02-18
https://www.cout-monte-escalier.fr/prix-monte-escalier/hangviller-57370-57370,2026-02-18
https://www.cout-monte-escalier.fr/prix-monte-escalier/st-james-50240-50240,2026-02-18
https://www.cout-monte-escalier.fr/prix-monte-escalier/asasp-arros-64660-64660,2026-02-18
https://www.cout-monte-escalier.fr/prix-monte-escalier/st-pierre-le-vieux-71520-71520,2026-02-18
https://www.cout-monte-escalier.fr/prix-monte-escalier/choux-39370-39370,2026-02-18
https://www.cout-monte-escalier.fr/prix-monte-escalier/aire-sur-la-lys-62120-62120,2026-02-18
https://www.cout-monte-escalier.fr/prix-monte-escalier/montigny-sur-armancon-21140-21140,2026-02-18
https://www.cout-monte-escalier.fr/prix-monte-escalier/braux-21390-21390,2026-02-18
https://www.cout-monte-escalier.fr/prix-monte-escalier/coray-29370-29370,2026-02-18
https://www.cout-monte-escalier.fr/prix-monte-escalier/villechetif-10410-10410,2026-02-18
https://www.cout-monte-escalier.fr/prix-monte-escalier/l-isle-en-rigault-55000-55000,2026-02-18
https://www.cout-monte-escalier.fr/prix-monte-escalier/saudrupt-55000-55000,2026-02-18
https://www.cout-monte-escalier.fr/prix-monte-escalier/meral-53230-53230,2026-02-18
https://www.cout-monte-escalier.fr/prix-monte-escalier/hornoy-le-bourg-80640-80640,2026-02-18
https://www.cout-monte-escalier.fr/prix-monte-escalier/champrepus-50800-50800,2026-02-18
https://www.cout-monte-escalier.fr/prix-monte-escalier/arronnes-03250-03250,2026-02-18
https://www.cout-monte-escalier.fr/prix-monte-escalier/pioggiola-20259-20259,2026-02-18
https://www.cout-monte-escalier.fr/prix-monte-escalier/buziet-64680-64680,2026-02-18
https://www.cout-monte-escalier.fr/prix-monte-escalier/lourdios-ichere-64570-64570,2026-02-18
https://www.cout-monte-escalier.fr/prix-monte-escalier/montmancon-21270-21270,2026-02-18
https://www.cout-monte-escalier.fr/prix-monte-escalier/farebersviller-57450-57450,2026-02-18
https://www.cout-monte-escalier.fr/prix-monte-escalier/lusse-88490-88490,2026-02-18
https://www.cout-monte-escalier.fr/prix-monte-escalier/chambost-longessaigne-69770-69770,2026-02-18
https://www.cout-monte-escalier.fr/prix-monte-escalier/mandagout-30120-30120,2026-02-18
https://www.cout-monte-escalier.fr/prix-monte-escalier/ham-sur-meuse-08600-08600,2026-02-18
https://www.cout-monte-escalier.fr/prix-monte-escalier/chamblanc-21250-21250,2026-02-18
https://www.cout-monte-escalier.fr/prix-monte-escalier/st-paul-trois-chateaux-26130-26130,2026-02-18
https://www.cout-monte-escalier.fr/prix-monte-escalier/lauwin-planque-59553-59553,2026-02-18
https://www.cout-monte-escalier.fr/prix-monte-escalier/hesdin-l-abbe-62360-62360,2026-02-18
https://www.cout-monte-escalier.fr/prix-monte-escalier/bischholtz-67340-67340,2026-02-18
https://www.cout-monte-escalier.fr/prix-monte-escalier/bricqueville-la-blouette-50200-50200,2026-02-18
https://www.cout-monte-escalier.fr/prix-monte-escalier/larchant-77760-77760,2026-02-18
https://www.cout-monte-escalier.fr/prix-monte-escalier/arbanats-33640-33640,2026-02-18
https://www.cout-monte-escalier.fr/prix-monte-escalier/l-hopital-st-blaise-64130-64130,2026-02-18
https://www.cout-monte-escalier.fr/prix-monte-escalier/st-remy-la-vanne-77320-77320,2026-02-18
https://www.cout-monte-escalier.fr/prix-monte-escalier/combrimont-88490-88490,2026-02-18
https://www.cout-monte-escalier.fr/prix-monte-escalier/st-martin-du-puy-33540-33540,2026-02-18
https://www.cout-monte-escalier.fr/prix-monte-escalier/pierrelatte-26700-26700,2026-02-18
https://www.cout-monte-escalier.fr/prix-monte-escalier/masseret-19510-19510,2026-02-18
https://www.cout-monte-escalier.fr/prix-monte-escalier/baincthun-62360-62360,2026-02-18
https://www.cout-monte-escalier.fr/prix-monte-escalier/grundviller-57510-57510,2026-02-18
https://www.cout-monte-escalier.fr/prix-monte-escalier/herlin-le-sec-62130-62130,2026-02-18
https://www.cout-monte-escalier.fr/prix-monte-escalier/trocy-en-multien-77440-77440,2026-02-18
https://www.cout-monte-escalier.fr/prix-monte-escalier/herrere-64680-64680,2026-02-18
https://www.cout-monte-escalier.fr/prix-monte-escalier/lachaux-63290-63290,2026-02-18
https://www.cout-monte-escalier.fr/prix-monte-escalier/lurbe-st-christau-64660-64660,2026-02-18
https://www.cout-monte-escalier.fr/prix-monte-escalier/monceau-le-neuf-et-faucouzy-02270-02270,2026-02-18
https://www.cout-monte-escalier.fr/prix-monte-escalier/gaudreville-la-riviere-27190-27190,2026-02-18
https://www.cout-monte-escalier.fr/prix-monte-escalier/fauguerolles-47400-47400,2026-02-18
https://www.cout-monte-escalier.fr/prix-monte-escalier/bonnefoi-61270-61270,2026-02-18
https://www.cout-monte-escalier.fr/prix-monte-escalier/berriac-11000-11000,2026-02-18
https://www.cout-monte-escalier.fr/prix-monte-escalier/hallines-62570-62570,2026-02-18
https://www.cout-monte-escalier.fr/prix-monte-escalier/st-leger-sous-la-bussiere-71520-71520,2026-02-18
https://www.cout-monte-escalier.fr/prix-monte-escalier/breuville-50260-50260,2026-02-18
https://www.cout-monte-escalier.fr/prix-monte-escalier/ungersheim-68190-68190,2026-02-18
https://www.cout-monte-escalier.fr/prix-monte-escalier/puisieux-77139-77139,2026-02-18
https://www.cout-monte-escalier.fr/prix-monte-escalier/bouranton-10270-10270,2026-02-18
https://www.cout-monte-escalier.fr/prix-monte-escalier/st-michel-de-rieufret-33720-33720,2026-02-18
https://www.cout-monte-escalier.fr/prix-monte-escalier/st-fons-69190-69190,2026-02-18
https://www.cout-monte-escalier.fr/prix-monte-escalier/biache-st-vaast-62118-62118,2026-02-18
https://www.cout-monte-escalier.fr/prix-monte-escalier/canihuel-22480-22480,2026-02-18
https://www.cout-monte-escalier.fr/prix-monte-escalier/yainville-76480-76480,2026-02-18
https://www.cout-monte-escalier.fr/prix-monte-escalier/versigny-02800-02800,2026-02-18
https://www.cout-monte-escalier.fr/prix-monte-escalier/coulomby-62380-62380,2026-02-18
https://www.cout-monte-escalier.fr/prix-monte-escalier/oiselay-et-grachaux-70700-70700,2026-02-18
https://www.cout-monte-escalier.fr/prix-monte-escalier/seraincourt-95450-95450,2026-02-18
https://www.cout-monte-escalier.fr/prix-monte-escalier/st-peray-07130-07130,2026-02-18
https://www.cout-monte-escalier.fr/prix-monte-escalier/cuxac-d-aude-11590-11590,2026-02-18
https://www.cout-monte-escalier.fr/prix-monte-escalier/gemaingoutte-88520-88520,2026-02-18
https://www.cout-monte-escalier.fr/prix-monte-escalier/jaunay-marigny-86130-86130,2026-02-18
https://www.cout-monte-escalier.fr/prix-monte-escalier/bregy-60440-60440,2026-02-18
https://www.cout-monte-escalier.fr/prix-monte-escalier/marguestau-32150-32150,2026-02-18
https://www.cout-monte-escalier.fr/prix-monte-escalier/rosheim-67560-67560,2026-02-18
https://www.cout-monte-escalier.fr/prix-monte-escalier/st-mard-sur-auve-51800-51800,2026-02-18
https://www.cout-monte-escalier.fr/prix-monte-escalier/blangerval-blangermont-62270-62270,2026-02-18
https://www.cout-monte-escalier.fr/prix-monte-escalier/la-chaussee-sur-marne-51240-51240,2026-02-18
https://www.cout-monte-escalier.fr/prix-monte-escalier/tarnac-19170-19170,2026-02-18
https://www.cout-monte-escalier.fr/prix-monte-escalier/queyssac-les-vignes-19120-19120,2026-02-18
https://www.cout-monte-escalier.fr/prix-monte-escalier/nouvion-et-catillon-02270-02270,2026-02-18
https://www.cout-monte-escalier.fr/prix-monte-escalier/silhac-07240-07240,2026-02-18
https://www.cout-monte-escalier.fr/prix-monte-escalier/coudons-11500-11500,2026-02-18
https://www.cout-monte-escalier.fr/prix-monte-escalier/st-franc-73360-73360,2026-02-18
https://www.cout-monte-escalier.fr/prix-monte-escalier/ouvrouer-les-champs-45150-45150,2026-02-18
https://www.cout-monte-escalier.fr/prix-monte-escalier/verny-57420-57420,2026-02-18
https://www.cout-monte-escalier.fr/prix-monte-escalier/vescheim-57370-57370,2026-02-18
https://www.cout-monte-escalier.fr/prix-monte-escalier/fontaines-les-seches-21330-21330,2026-02-18
https://www.cout-monte-escalier.fr/prix-monte-escalier/zilling-57370-57370,2026-02-18
https://www.cout-monte-escalier.fr/prix-monte-escalier/fontaine-les-croisilles-62128-62128,2026-02-18
https://www.cout-monte-escalier.fr/prix-monte-escalier/le-val-de-gueblange-57430-57430,2026-02-18
https://www.cout-monte-escalier.fr/prix-monte-escalier/glisolles-27190-27190,2026-02-18
https://www.cout-monte-escalier.fr/prix-monte-escalier/ste-genevieve-les-gasny-27620-27620,2026-02-18
https://www.cout-monte-escalier.fr/prix-monte-escalier/st-beron-73520-73520,2026-02-18
https://www.cout-monte-escalier.fr/prix-monte-escalier/dessenheim-68600-68600,2026-02-18
https://www.cout-monte-escalier.fr/prix-monte-escalier/belmont-32190-32190,2026-02-18
https://www.cout-monte-escalier.fr/prix-monte-escalier/canville-la-rocque-50580-50580,2026-02-18
https://www.cout-monte-escalier.fr/prix-monte-escalier/neuviller-les-badonviller-54540-54540,2026-02-18
https://www.cout-monte-escalier.fr/prix-monte-escalier/villedieu-les-poeles-rouffigny-50800-50800,2026-02-18
https://www.cout-monte-escalier.fr/prix-monte-escalier/boisset-st-priest-42560-42560,2026-02-18
https://www.cout-monte-escalier.fr/prix-monte-escalier/dampierre-sur-moivre-51240-51240,2026-02-18
https://www.cout-monte-escalier.fr/prix-monte-escalier/genebrieres-82230-82230,2026-02-18
https://www.cout-monte-escalier.fr/prix-monte-escalier/buire-le-sec-62870-62870,2026-02-18
https://www.cout-monte-escalier.fr/prix-monte-escalier/cordonnet-70190-70190,2026-02-18
https://www.cout-monte-escalier.fr/prix-monte-escalier/plouegat-guerand-29620-29620,2026-02-18
https://www.cout-monte-escalier.fr/prix-monte-escalier/gouy-sous-bellonne-62112-62112,2026-02-18
https://www.cout-monte-escalier.fr/prix-monte-escalier/vibeuf-76760-76760,2026-02-18
https://www.cout-monte-escalier.fr/prix-monte-escalier/st-georges-d-elle-50680-50680,2026-02-18
https://www.cout-monte-escalier.fr/prix-monte-escalier/bage-dommartin-01380-01380,2026-02-18
https://www.cout-monte-escalier.fr/prix-monte-escalier/le-mottier-38260-38260,2026-02-18
https://www.cout-monte-escalier.fr/prix-monte-escalier/plavilla-11270-11270,2026-02-18
https://www.cout-monte-escalier.fr/prix-monte-escalier/sazos-65120-65120,2026-02-18
https://www.cout-monte-escalier.fr/prix-monte-escalier/aubigny-en-laonnois-02820-02820,2026-02-18
https://www.cout-monte-escalier.fr/prix-monte-escalier/athis-51150-51150,2026-02-18
https://www.cout-monte-escalier.fr/prix-monte-escalier/st-bueil-38620-38620,2026-02-18
https://www.cout-monte-escalier.fr/prix-monte-escalier/quettehou-50630-50630,2026-02-18
https://www.cout-monte-escalier.fr/prix-monte-escalier/pont-hebert-50620-50620,2026-02-18
https://www.cout-monte-escalier.fr/prix-monte-escalier/savigny-les-beaune-21420-21420,2026-02-18
https://www.cout-monte-escalier.fr/prix-monte-escalier/oytier-st-oblas-38780-38780,2026-02-18
https://www.cout-monte-escalier.fr/prix-monte-escalier/guemps-62370-62370,2026-02-17
https://www.cout-monte-escalier.fr/prix-monte-escalier/st-jean-d-angle-17620-17620,2026-02-17
https://www.cout-monte-escalier.fr/prix-monte-escalier/st-blaise-du-buis-38140-38140,2026-02-17
https://www.cout-monte-escalier.fr/prix-monte-escalier/st-parres-aux-tertres-10410-10410,2026-02-17
https://www.cout-monte-escalier.fr/prix-monte-escalier/siewiller-67320-67320,2026-02-17
https://www.cout-monte-escalier.fr/prix-monte-escalier/boissey-01190-01190,2026-02-17
https://www.cout-monte-escalier.fr/prix-monte-escalier/belvis-11340-11340,2026-02-17
https://www.cout-monte-escalier.fr/prix-monte-escalier/flaxlanden-68720-68720,2026-02-17
https://www.cout-monte-escalier.fr/prix-monte-escalier/gouezec-29190-29190,2026-02-17
https://www.cout-monte-escalier.fr/prix-monte-escalier/hames-boucres-62340-62340,2026-02-17
https://www.cout-monte-escalier.fr/prix-monte-escalier/hamblain-les-pres-62118-62118,2026-02-17
https://www.cout-monte-escalier.fr/prix-monte-escalier/beauvoir-50170-50170,2026-02-17
https://www.cout-monte-escalier.fr/prix-monte-escalier/hermin-62150-62150,2026-02-17
https://www.cout-monte-escalier.fr/prix-monte-escalier/aleria-20270-20270,2026-02-17
https://www.cout-monte-escalier.fr/prix-monte-escalier/chaillevette-17890-17890,2026-02-17
https://www.cout-monte-escalier.fr/prix-monte-escalier/walbach-68230-68230,2026-02-17
https://www.cout-monte-escalier.fr/prix-monte-escalier/la-garenne-colombes-92250-92250,2026-02-17
https://www.cout-monte-escalier.fr/prix-monte-escalier/mouliherne-49390-49390,2026-02-17
https://www.cout-monte-escalier.fr/prix-monte-escalier/perelli-20234-20234,2026-02-17
https://www.cout-monte-escalier.fr/prix-monte-escalier/ile-d-aix-17123-17123,2026-02-17
https://www.cout-monte-escalier.fr/prix-monte-escalier/aubrometz-62390-62390,2026-02-17
https://www.cout-monte-escalier.fr/prix-monte-escalier/auchy-les-mines-62138-62138,2026-02-17
https://www.cout-monte-escalier.fr/prix-monte-escalier/st-pierre-de-soucy-73800-73800,2026-02-17
https://www.cout-monte-escalier.fr/prix-monte-escalier/mesnil-sellieres-10220-10220,2026-02-17
https://www.cout-monte-escalier.fr/prix-monte-escalier/toutencourt-80560-80560,2026-02-17
https://www.cout-monte-escalier.fr/prix-monte-escalier/pinet-34850-34850,2026-02-17
https://www.cout-monte-escalier.fr/prix-monte-escalier/lannes-47170-47170,2026-02-17
https://www.cout-monte-escalier.fr/prix-monte-escalier/vivario-20219-20219,2026-02-17
https://www.cout-monte-escalier.fr/prix-monte-escalier/la-bonneville-sur-iton-27190-27190,2026-02-17
https://www.cout-monte-escalier.fr/prix-monte-escalier/st-jean-des-vignes-69380-69380,2026-02-17
https://www.cout-monte-escalier.fr/prix-monte-escalier/manneville-la-goupil-76110-76110,2026-02-17
https://www.cout-monte-escalier.fr/prix-monte-escalier/armissan-11110-11110,2026-02-17
https://www.cout-monte-escalier.fr/prix-monte-escalier/bourguignon-les-la-charite-70190-70190,2026-02-17
https://www.cout-monte-escalier.fr/prix-monte-escalier/mouchan-32330-32330,2026-02-17
https://www.cout-monte-escalier.fr/prix-monte-escalier/hausgauen-68130-68130,2026-02-17
https://www.cout-monte-escalier.fr/prix-monte-escalier/ayette-62116-62116,2026-02-17
https://www.cout-monte-escalier.fr/prix-monte-escalier/acq-62144-62144,2026-02-17
https://www.cout-monte-escalier.fr/prix-monte-escalier/secenans-70400-70400,2026-02-17
https://www.cout-monte-escalier.fr/prix-monte-escalier/calais-62100-62100,2026-02-17
https://www.cout-monte-escalier.fr/prix-monte-escalier/panzoult-37220-37220,2026-02-17
https://www.cout-monte-escalier.fr/prix-monte-escalier/rieux-en-val-11220-11220,2026-02-17
https://www.cout-monte-escalier.fr/prix-monte-escalier/bousbach-57460-57460,2026-02-17
https://www.cout-monte-escalier.fr/prix-monte-escalier/bethonsart-62690-62690,2026-02-17
https://www.cout-monte-escalier.fr/prix-monte-escalier/bullecourt-62128-62128,2026-02-17
https://www.cout-monte-escalier.fr/prix-monte-escalier/echinghen-62360-62360,2026-02-17
https://www.cout-monte-escalier.fr/prix-monte-escalier/avion-62210-62210,2026-02-17
https://www.cout-monte-escalier.fr/prix-monte-escalier/avenay-14210-14210,2026-02-17
https://www.cout-monte-escalier.fr/prix-monte-escalier/st-leger-77510-77510,2026-02-17
https://www.cout-monte-escalier.fr/prix-monte-escalier/bazoches-sur-guyonne-78490-78490,2026-02-17
https://www.cout-monte-escalier.fr/prix-monte-escalier/beutin-62170-62170,2026-02-17
https://www.cout-monte-escalier.fr/prix-monte-escalier/henin-beaumont-62110-62110,2026-02-17
https://www.cout-monte-escalier.fr/prix-monte-escalier/guinecourt-62130-62130,2026-02-17
https://www.cout-monte-escalier.fr/prix-monte-escalier/guines-62340-62340,2026-02-17
https://www.cout-monte-escalier.fr/prix-monte-escalier/mouzens-81470-81470,2026-02-17
https://www.cout-monte-escalier.fr/prix-monte-escalier/chiroubles-69115-69115,2026-02-17
https://www.cout-monte-escalier.fr/prix-monte-escalier/montoir-de-bretagne-44550-44550,2026-02-17
https://www.cout-monte-escalier.fr/prix-monte-escalier/kerpert-22480-22480,2026-02-17
https://www.cout-monte-escalier.fr/prix-monte-escalier/veulettes-sur-mer-76450-76450,2026-02-17
https://www.cout-monte-escalier.fr/prix-monte-escalier/nebias-11500-11500,2026-02-17
https://www.cout-monte-escalier.fr/prix-monte-escalier/le-chemin-51800-51800,2026-02-17
https://www.cout-monte-escalier.fr/prix-monte-escalier/ivergny-62810-62810,2026-02-17
https://www.cout-monte-escalier.fr/prix-monte-escalier/barbery-14220-14220,2026-02-17
https://www.cout-monte-escalier.fr/prix-monte-escalier/courcelles-sous-thoix-80160-80160,2026-02-17
https://www.cout-monte-escalier.fr/prix-monte-escalier/st-aubin-epinay-76160-76160,2026-02-17
https://www.cout-monte-escalier.fr/prix-monte-escalier/st-sebastien-de-raids-50190-50190,2026-02-17
https://www.cout-monte-escalier.fr/prix-monte-escalier/authie-14280-14280,2026-02-17
https://www.cout-monte-escalier.fr/prix-monte-escalier/monte-20290-20290,2026-02-17
https://www.cout-monte-escalier.fr/prix-monte-escalier/st-vigor-des-monts-50420-50420,2026-02-17
https://www.cout-monte-escalier.fr/prix-monte-escalier/bihucourt-62121-62121,2026-02-17
https://www.cout-monte-escalier.fr/prix-monte-escalier/brunembert-62240-62240,2026-02-17
https://www.cout-monte-escalier.fr/prix-monte-escalier/ranspach-le-haut-68220-68220,2026-02-17
https://www.cout-monte-escalier.fr/prix-monte-escalier/braches-80110-80110,2026-02-17
https://www.cout-monte-escalier.fr/prix-monte-escalier/helfrantzkirch-68510-68510,2026-02-17
https://www.cout-monte-escalier.fr/prix-monte-escalier/picauville-50360-50360,2026-02-17
https://www.cout-monte-escalier.fr/prix-monte-escalier/audruicq-62370-62370,2026-02-17
https://www.cout-monte-escalier.fr/prix-monte-escalier/le-mont-st-michel-50170-50170,2026-02-17
https://www.cout-monte-escalier.fr/prix-monte-escalier/saussemesnil-50700-50700,2026-02-17
https://www.cout-monte-escalier.fr/prix-monte-escalier/le-malzieu-forain-48140-48140,2026-02-17
https://www.cout-monte-escalier.fr/prix-monte-escalier/hagenthal-le-haut-68220-68220,2026-02-17
https://www.cout-monte-escalier.fr/prix-monte-escalier/montabot-50410-50410,2026-02-17
https://www.cout-monte-escalier.fr/prix-monte-escalier/crepy-62310-62310,2026-02-17
https://www.cout-monte-escalier.fr/prix-monte-escalier/behagnies-62121-62121,2026-02-17
https://www.cout-monte-escalier.fr/prix-monte-escalier/domene-38420-38420,2026-02-17
https://www.cout-monte-escalier.fr/prix-monte-escalier/mesnil-en-ouche-27270-27270,2026-02-17
https://www.cout-monte-escalier.fr/prix-monte-escalier/pargny-les-bois-02270-02270,2026-02-17
https://www.cout-monte-escalier.fr/prix-monte-escalier/st-germain-de-varreville-50480-50480,2026-02-17
https://www.cout-monte-escalier.fr/prix-monte-escalier/volgelsheim-68600-68600,2026-02-17
https://www.cout-monte-escalier.fr/prix-monte-escalier/st-cosme-68210-68210,2026-02-17
https://www.cout-monte-escalier.fr/prix-monte-escalier/sedze-maubecq-64160-64160,2026-02-17
https://www.cout-monte-escalier.fr/prix-monte-escalier/villy-sur-yeres-76260-76260,2026-02-17
https://www.cout-monte-escalier.fr/prix-monte-escalier/st-symphorien-sur-coise-69590-69590,2026-02-17
https://www.cout-monte-escalier.fr/prix-monte-escalier/campagne-les-wardrecques-62120-62120,2026-02-17
https://www.cout-monte-escalier.fr/prix-monte-escalier/moutiers-35130-35130,2026-02-17
https://www.cout-monte-escalier.fr/prix-monte-escalier/goldbach-altenbach-68760-68760,2026-02-17
https://www.cout-monte-escalier.fr/prix-monte-escalier/dampierre-sur-linotte-70230-70230,2026-02-17
https://www.cout-monte-escalier.fr/prix-monte-escalier/beaurains-62217-62217,2026-02-17
https://www.cout-monte-escalier.fr/prix-monte-escalier/villebaudon-50410-50410,2026-02-17
https://www.cout-monte-escalier.fr/prix-monte-escalier/eleu-dit-leauwette-62300-62300,2026-02-17
https://www.cout-monte-escalier.fr/prix-monte-escalier/beaucourt-sur-l-ancre-80300-80300,2026-02-17
https://www.cout-monte-escalier.fr/prix-monte-escalier/olendon-14170-14170,2026-02-17
https://www.cout-monte-escalier.fr/prix-monte-escalier/bailleul-aux-cornailles-62127-62127,2026-02-17
https://www.cout-monte-escalier.fr/prix-monte-escalier/yves-17340-17340,2026-02-17
https://www.cout-monte-escalier.fr/prix-monte-escalier/valorbiquet-14290-14290,2026-02-17
https://www.cout-monte-escalier.fr/prix-monte-escalier/negreville-50260-50260,2026-02-17
https://www.cout-monte-escalier.fr/prix-monte-escalier/cambes-en-plaine-14610-14610,2026-02-17
https://www.cout-monte-escalier.fr/prix-monte-escalier/moulineaux-76530-76530,2026-02-17
https://www.cout-monte-escalier.fr/prix-monte-escalier/ecoivres-62270-62270,2026-02-17
https://www.cout-monte-escalier.fr/prix-monte-escalier/courtemanche-80500-80500,2026-02-17
https://www.cout-monte-escalier.fr/prix-monte-escalier/ciran-37240-37240,2026-02-17
https://www.cout-monte-escalier.fr/prix-monte-escalier/rantzwiller-68510-68510,2026-02-17
https://www.cout-monte-escalier.fr/prix-monte-escalier/aspach-michelbach-68700-68700,2026-02-17
https://www.cout-monte-escalier.fr/prix-monte-escalier/vimont-14370-14370,2026-02-17
https://www.cout-monte-escalier.fr/prix-monte-escalier/ouilly-le-vicomte-14100-14100,2026-02-17
https://www.cout-monte-escalier.fr/prix-monte-escalier/moulins-en-bessin-14740-14740,2026-02-17
https://www.cout-monte-escalier.fr/prix-monte-escalier/bavent-14860-14860,2026-02-17
https://www.cout-monte-escalier.fr/prix-monte-escalier/st-jacques-sur-darnetal-76160-76160,2026-02-17
https://www.cout-monte-escalier.fr/prix-monte-escalier/vattetot-sur-mer-76111-76111,2026-02-17
https://www.cout-monte-escalier.fr/prix-monte-escalier/tourville-sur-odon-14210-14210,2026-02-17
https://www.cout-monte-escalier.fr/prix-monte-escalier/courcelles-au-bois-80560-80560,2026-02-17
https://www.cout-monte-escalier.fr/prix-monte-escalier/mormant-77720-77720,2026-02-17
https://www.cout-monte-escalier.fr/prix-monte-escalier/lancheres-80230-80230,2026-02-17
https://www.cout-monte-escalier.fr/prix-monte-escalier/evreux-27000-27000,2026-02-17
https://www.cout-monte-escalier.fr/prix-monte-escalier/offranville-76550-76550,2026-02-17
https://www.cout-monte-escalier.fr/prix-monte-escalier/bovelles-80540-80540,2026-02-17
https://www.cout-monte-escalier.fr/prix-monte-escalier/st-leger-en-yvelines-78610-78610,2026-02-17
https://www.cout-monte-escalier.fr/prix-monte-escalier/courcelette-80300-80300,2026-02-17
https://www.cout-monte-escalier.fr/prix-monte-escalier/beaucamps-le-jeune-80430-80430,2026-02-17
https://www.cout-monte-escalier.fr/prix-monte-escalier/baron-sur-odon-14210-14210,2026-02-17
https://www.cout-monte-escalier.fr/prix-monte-escalier/torcy-le-petit-10700-10700,2026-02-17
https://www.cout-monte-escalier.fr/prix-monte-escalier/buverchy-80400-80400,2026-02-17
https://www.cout-monte-escalier.fr/prix-monte-escalier/conteville-les-boulogne-62126-62126,2026-02-17
https://www.cout-monte-escalier.fr/prix-monte-escalier/sondersdorf-68480-68480,2026-02-17
https://www.cout-monte-escalier.fr/prix-monte-escalier/bougainville-80540-80540,2026-02-17
https://www.cout-monte-escalier.fr/prix-monte-escalier/arnac-sur-dourdou-12360-12360,2026-02-17
https://www.cout-monte-escalier.fr/prix-monte-escalier/moita-20270-20270,2026-02-17
https://www.cout-monte-escalier.fr/prix-monte-escalier/montbre-51500-51500,2026-02-17
https://www.cout-monte-escalier.fr/prix-monte-escalier/turqueville-50480-50480,2026-02-17
https://www.cout-monte-escalier.fr/prix-monte-escalier/sahurs-76113-76113,2026-02-17
https://www.cout-monte-escalier.fr/prix-monte-escalier/montaigu-la-brisette-50700-50700,2026-02-17
https://www.cout-monte-escalier.fr/prix-monte-escalier/vesly-50430-50430,2026-02-17
https://www.cout-monte-escalier.fr/prix-monte-escalier/le-ronssoy-80740-80740,2026-02-17
https://www.cout-monte-escalier.fr/prix-monte-escalier/mesnil-follemprise-76660-76660,2026-02-17
https://www.cout-monte-escalier.fr/prix-monte-escalier/hecourt-60380-60380,2026-02-17
https://www.cout-monte-escalier.fr/prix-monte-escalier/st-denis-d-augerons-27390-27390,2026-02-17
https://www.cout-monte-escalier.fr/prix-monte-escalier/nurlu-80240-80240,2026-02-17
https://www.cout-monte-escalier.fr/prix-monte-escalier/mauquenchy-76440-76440,2026-02-17
https://www.cout-monte-escalier.fr/prix-monte-escalier/morienne-76390-76390,2026-02-17
https://www.cout-monte-escalier.fr/prix-monte-escalier/monceaux-en-bessin-14400-14400,2026-02-17
https://www.cout-monte-escalier.fr/prix-monte-escalier/recoubeau-jansac-26310-26310,2026-02-17
https://www.cout-monte-escalier.fr/prix-monte-escalier/antully-71400-71400,2026-02-17
https://www.cout-monte-escalier.fr/prix-monte-escalier/chazelles-sur-lavieu-42560-42560,2026-02-17
https://www.cout-monte-escalier.fr/prix-monte-escalier/bernieres-d-ailly-14170-14170,2026-02-17
https://www.cout-monte-escalier.fr/prix-monte-escalier/antugnac-11190-11190,2026-02-17
https://www.cout-monte-escalier.fr/prix-monte-escalier/bermesnil-80140-80140,2026-02-17
https://www.cout-monte-escalier.fr/prix-monte-escalier/cernay-les-reims-51420-51420,2026-02-17
https://www.cout-monte-escalier.fr/prix-monte-escalier/st-martin-la-pallu-86170-86170,2026-02-17
https://www.cout-monte-escalier.fr/prix-monte-escalier/treux-80300-80300,2026-02-17
https://www.cout-monte-escalier.fr/prix-monte-escalier/quillan-11500-11500,2026-02-17
https://www.cout-monte-escalier.fr/prix-monte-escalier/preuseville-76660-76660,2026-02-17
https://www.cout-monte-escalier.fr/prix-monte-escalier/le-plessis-feu-aussoux-77540-77540,2026-02-17
https://www.cout-monte-escalier.fr/prix-monte-escalier/retonval-76340-76340,2026-02-17
https://www.cout-monte-escalier.fr/prix-monte-escalier/calonges-47430-47430,2026-02-17
https://www.cout-monte-escalier.fr/prix-monte-escalier/saane-st-just-76730-76730,2026-02-17
https://www.cout-monte-escalier.fr/prix-monte-escalier/moltifao-20218-20218,2026-02-17
https://www.cout-monte-escalier.fr/prix-monte-escalier/lamagistere-82360-82360,2026-02-17
https://www.cout-monte-escalier.fr/prix-monte-escalier/st-senier-sous-avranches-50300-50300,2026-02-17
https://www.cout-monte-escalier.fr/prix-monte-escalier/st-joseph-50700-50700,2026-02-17
https://www.cout-monte-escalier.fr/prix-monte-escalier/st-jacques-de-nehou-50390-50390,2026-02-17
https://www.cout-monte-escalier.fr/prix-monte-escalier/luneray-76810-76810,2026-02-17
https://www.cout-monte-escalier.fr/prix-monte-escalier/marange-silvange-57535-57535,2026-02-17
https://www.cout-monte-escalier.fr/prix-monte-escalier/villers-ecalles-76360-76360,2026-02-17
https://www.cout-monte-escalier.fr/prix-monte-escalier/ricarville-du-val-76510-76510,2026-02-17
https://www.cout-monte-escalier.fr/prix-monte-escalier/carentan-les-marais-50480-50480,2026-02-17
https://www.cout-monte-escalier.fr/prix-monte-escalier/nay-50190-50190,2026-02-17
https://www.cout-monte-escalier.fr/prix-monte-escalier/prechacq-navarrenx-64190-64190,2026-02-17
https://www.cout-monte-escalier.fr/prix-monte-escalier/mouen-14790-14790,2026-02-17
https://www.cout-monte-escalier.fr/prix-monte-escalier/monfreville-14230-14230,2026-02-17
https://www.cout-monte-escalier.fr/prix-monte-escalier/le-val-st-pere-50300-50300,2026-02-17
https://www.cout-monte-escalier.fr/prix-monte-escalier/st-andre-sur-cailly-76690-76690,2026-02-17
https://www.cout-monte-escalier.fr/prix-monte-escalier/vesles-et-caumont-02350-02350,2026-02-17
https://www.cout-monte-escalier.fr/prix-monte-escalier/bonneville-la-louvet-14130-14130,2026-02-17
https://www.cout-monte-escalier.fr/prix-monte-escalier/maisons-14400-14400,2026-02-17
https://www.cout-monte-escalier.fr/prix-monte-escalier/vatierville-76270-76270,2026-02-17
https://www.cout-monte-escalier.fr/prix-monte-escalier/les-chatelets-28270-28270,2026-02-17
https://www.cout-monte-escalier.fr/prix-monte-escalier/fosseux-62810-62810,2026-02-17
https://www.cout-monte-escalier.fr/prix-monte-escalier/costa-20226-20226,2026-02-17
https://www.cout-monte-escalier.fr/prix-monte-escalier/manneville-la-pipard-14130-14130,2026-02-17
https://www.cout-monte-escalier.fr/prix-monte-escalier/port-jerome-sur-seine-76170-76170,2026-02-17
https://www.cout-monte-escalier.fr/prix-monte-escalier/lumigny-nesles-ormeaux-77540-77540,2026-02-17
https://www.cout-monte-escalier.fr/prix-monte-escalier/authuille-80300-80300,2026-02-17
https://www.cout-monte-escalier.fr/prix-monte-escalier/arbent-01100-01100,2026-02-17
https://www.cout-monte-escalier.fr/prix-monte-escalier/grignon-73200-73200,2026-02-17
https://www.cout-monte-escalier.fr/prix-monte-escalier/chauny-02300-02300,2026-02-17
https://www.cout-monte-escalier.fr/prix-monte-escalier/omonville-76730-76730,2026-02-17
https://www.cout-monte-escalier.fr/prix-monte-escalier/aizecourt-le-bas-80240-80240,2026-02-17
https://www.cout-monte-escalier.fr/prix-monte-escalier/molagnies-76220-76220,2026-02-17
https://www.cout-monte-escalier.fr/prix-monte-escalier/cernay-68700-68700,2026-02-17
https://www.cout-monte-escalier.fr/prix-monte-escalier/arganchy-14400-14400,2026-02-17
https://www.cout-monte-escalier.fr/prix-monte-escalier/montgaillard-81630-81630,2026-02-17
https://www.cout-monte-escalier.fr/prix-monte-escalier/griesheim-sur-souffel-67370-67370,2026-02-17
https://www.cout-monte-escalier.fr/prix-monte-escalier/chessy-69380-69380,2026-02-17
https://www.cout-monte-escalier.fr/prix-monte-escalier/dainville-62000-62000,2026-02-17
https://www.cout-monte-escalier.fr/prix-monte-escalier/quincey-70000-70000,2026-02-17
https://www.cout-monte-escalier.fr/prix-monte-escalier/villy-lez-falaise-14700-14700,2026-02-17
https://www.cout-monte-escalier.fr/prix-monte-escalier/louvigny-14111-14111,2026-02-17
https://www.cout-monte-escalier.fr/prix-monte-escalier/martin-eglise-76370-76370,2026-02-17
https://www.cout-monte-escalier.fr/prix-monte-escalier/agenville-80370-80370,2026-02-17
https://www.cout-monte-escalier.fr/prix-monte-escalier/ersa-20275-20275,2026-02-17
https://www.cout-monte-escalier.fr/prix-monte-escalier/le-tatre-16360-16360,2026-02-17
https://www.cout-monte-escalier.fr/prix-monte-escalier/sauqueville-76550-76550,2026-02-17
https://www.cout-monte-escalier.fr/prix-monte-escalier/berneville-62123-62123,2026-02-17
https://www.cout-monte-escalier.fr/prix-monte-escalier/rigny-usse-37420-37420,2026-02-17
https://www.cout-monte-escalier.fr/prix-monte-escalier/frans-01480-01480,2026-02-17
https://www.cout-monte-escalier.fr/prix-monte-escalier/ouides-43510-43510,2026-02-17
https://www.cout-monte-escalier.fr/prix-monte-escalier/pierrefitte-en-auge-14130-14130,2026-02-17
https://www.cout-monte-escalier.fr/prix-monte-escalier/beny-sur-mer-14440-14440,2026-02-17
https://www.cout-monte-escalier.fr/prix-monte-escalier/aumont-80640-80640,2026-02-17
https://www.cout-monte-escalier.fr/prix-monte-escalier/mentheville-76110-76110,2026-02-17
https://www.cout-monte-escalier.fr/prix-monte-escalier/solaro-20240-20240,2026-02-17
https://www.cout-monte-escalier.fr/prix-monte-escalier/lison-14330-14330,2026-02-17
https://www.cout-monte-escalier.fr/prix-monte-escalier/belleneuve-21310-21310,2026-02-17
https://www.cout-monte-escalier.fr/prix-monte-escalier/norville-76330-76330,2026-02-17
https://www.cout-monte-escalier.fr/prix-monte-escalier/guinglange-57690-57690,2026-02-17
https://www.cout-monte-escalier.fr/prix-monte-escalier/villers-le-sec-70000-70000,2026-02-17
https://www.cout-monte-escalier.fr/prix-monte-escalier/bresle-80300-80300,2026-02-17
https://www.cout-monte-escalier.fr/prix-monte-escalier/auberville-14640-14640,2026-02-17
https://www.cout-monte-escalier.fr/prix-monte-escalier/othe-54260-54260,2026-02-17
https://www.cout-monte-escalier.fr/prix-monte-escalier/vacognes-neuilly-14210-14210,2026-02-17
https://www.cout-monte-escalier.fr/prix-monte-escalier/vatteville-la-rue-76940-76940,2026-02-17
https://www.cout-monte-escalier.fr/prix-monte-escalier/bazeilles-sur-othain-55600-55600,2026-02-17
https://www.cout-monte-escalier.fr/prix-monte-escalier/may-sur-orne-14320-14320,2026-02-17
https://www.cout-monte-escalier.fr/prix-monte-escalier/maromme-76150-76150,2026-02-17
https://www.cout-monte-escalier.fr/prix-monte-escalier/airon-notre-dame-62180-62180,2026-02-17
https://www.cout-monte-escalier.fr/prix-monte-escalier/st-pierre-d-artheglise-50270-50270,2026-02-17
https://www.cout-monte-escalier.fr/prix-monte-escalier/st-augustin-77515-77515,2026-02-17
https://www.cout-monte-escalier.fr/prix-monte-escalier/st-germain-sous-cailly-76690-76690,2026-02-17
https://www.cout-monte-escalier.fr/prix-monte-escalier/fouras-17450-17450,2026-02-17
https://www.cout-monte-escalier.fr/prix-monte-escalier/bourseville-80130-80130,2026-02-17
https://www.cout-monte-escalier.fr/prix-monte-escalier/berrwiller-68500-68500,2026-02-17
https://www.cout-monte-escalier.fr/prix-monte-escalier/sotteville-sur-mer-76740-76740,2026-02-17
https://www.cout-monte-escalier.fr/prix-monte-escalier/bougy-14210-14210,2026-02-17
https://www.cout-monte-escalier.fr/prix-monte-escalier/tromarey-70150-70150,2026-02-17
https://www.cout-monte-escalier.fr/prix-monte-escalier/assevillers-80200-80200,2026-02-17
https://www.cout-monte-escalier.fr/prix-monte-escalier/crevecoeur-le-grand-60360-60360,2026-02-17
https://www.cout-monte-escalier.fr/prix-monte-escalier/valambray-14370-14370,2026-02-17
https://www.cout-monte-escalier.fr/prix-monte-escalier/st-aubin-celloville-76520-76520,2026-02-17
https://www.cout-monte-escalier.fr/prix-monte-escalier/martainville-epreville-76116-76116,2026-02-17
https://www.cout-monte-escalier.fr/prix-monte-escalier/bucquoy-62116-62116,2026-02-17
https://www.cout-monte-escalier.fr/prix-monte-escalier/touques-14800-14800,2026-02-17
https://www.cout-monte-escalier.fr/prix-monte-escalier/varaville-14390-14390,2026-02-17
https://www.cout-monte-escalier.fr/prix-monte-escalier/navenne-70000-70000,2026-02-17
https://www.cout-monte-escalier.fr/prix-monte-escalier/reinhardsmunster-67440-67440,2026-02-17
https://www.cout-monte-escalier.fr/prix-monte-escalier/raffetot-76210-76210,2026-02-16
https://www.cout-monte-escalier.fr/prix-monte-escalier/aubin-st-vaast-62140-62140,2026-02-16
https://www.cout-monte-escalier.fr/prix-monte-escalier/blendecques-62575-62575,2026-02-16
https://www.cout-monte-escalier.fr/prix-monte-escalier/storckensohn-68470-68470,2026-02-16
https://www.cout-monte-escalier.fr/prix-monte-escalier/val-du-faby-11260-11260,2026-02-16
https://www.cout-monte-escalier.fr/prix-monte-escalier/allonville-80260-80260,2026-02-16
https://www.cout-monte-escalier.fr/prix-monte-escalier/st-germain-des-angles-27930-27930,2026-02-16
https://www.cout-monte-escalier.fr/prix-monte-escalier/neurey-les-la-demie-70000-70000,2026-02-16
https://www.cout-monte-escalier.fr/prix-monte-escalier/lingevres-14250-14250,2026-02-16
https://www.cout-monte-escalier.fr/prix-monte-escalier/fouquieres-les-lens-62740-62740,2026-02-16
https://www.cout-monte-escalier.fr/prix-monte-escalier/arvillers-80910-80910,2026-02-16
https://www.cout-monte-escalier.fr/prix-monte-escalier/la-herliere-62158-62158,2026-02-16
https://www.cout-monte-escalier.fr/prix-monte-escalier/journy-62850-62850,2026-02-16
https://www.cout-monte-escalier.fr/prix-monte-escalier/maisoncelles-du-maine-53170-53170,2026-02-16
https://www.cout-monte-escalier.fr/prix-monte-escalier/buhl-68530-68530,2026-02-16
https://www.cout-monte-escalier.fr/prix-monte-escalier/ablaincourt-pressoir-80320-80320,2026-02-16
https://www.cout-monte-escalier.fr/prix-monte-escalier/bouillancourt-en-sery-80220-80220,2026-02-16
https://www.cout-monte-escalier.fr/prix-monte-escalier/mezidon-vallee-d-auge-14340-14340,2026-02-16
https://www.cout-monte-escalier.fr/prix-monte-escalier/anisy-14610-14610,2026-02-16
https://www.cout-monte-escalier.fr/prix-monte-escalier/auchy-les-hesdin-62770-62770,2026-02-16
https://www.cout-monte-escalier.fr/prix-monte-escalier/richemont-76390-76390,2026-02-16
https://www.cout-monte-escalier.fr/prix-monte-escalier/valambray-14190-14190,2026-02-16
https://www.cout-monte-escalier.fr/prix-monte-escalier/oriolles-16480-16480,2026-02-16
https://www.cout-monte-escalier.fr/prix-monte-escalier/courcelles-sous-moyencourt-80290-80290,2026-02-16
https://www.cout-monte-escalier.fr/prix-monte-escalier/rolleville-76133-76133,2026-02-16
https://www.cout-monte-escalier.fr/prix-monte-escalier/roncherolles-sur-le-vivier-76160-76160,2026-02-16
https://www.cout-monte-escalier.fr/prix-monte-escalier/bouzincourt-80300-80300,2026-02-16
https://www.cout-monte-escalier.fr/prix-monte-escalier/toulis-et-attencourt-02250-02250,2026-02-16
https://www.cout-monte-escalier.fr/prix-monte-escalier/montseveroux-38122-38122,2026-02-16
https://www.cout-monte-escalier.fr/prix-monte-escalier/arros-de-nay-64800-64800,2026-02-16
https://www.cout-monte-escalier.fr/prix-monte-escalier/serevillers-60120-60120,2026-02-16
https://www.cout-monte-escalier.fr/prix-monte-escalier/bergicourt-80290-80290,2026-02-16
https://www.cout-monte-escalier.fr/prix-monte-escalier/baizieux-80300-80300,2026-02-16
https://www.cout-monte-escalier.fr/prix-monte-escalier/cagny-80330-80330,2026-02-16
https://www.cout-monte-escalier.fr/prix-monte-escalier/moulins-sur-orne-61200-61200,2026-02-16
https://www.cout-monte-escalier.fr/prix-monte-escalier/longues-sur-mer-14400-14400,2026-02-16
https://www.cout-monte-escalier.fr/prix-monte-escalier/angerville-la-campagne-27930-27930,2026-02-16
https://www.cout-monte-escalier.fr/prix-monte-escalier/sassetot-le-malgarde-76730-76730,2026-02-16
https://www.cout-monte-escalier.fr/prix-monte-escalier/les-moutiers-en-cinglais-14220-14220,2026-02-16
https://www.cout-monte-escalier.fr/prix-monte-escalier/courpalay-77540-77540,2026-02-16
https://www.cout-monte-escalier.fr/prix-monte-escalier/boulon-14220-14220,2026-02-16
https://www.cout-monte-escalier.fr/prix-monte-escalier/eschentzwiller-68440-68440,2026-02-16
https://www.cout-monte-escalier.fr/prix-monte-escalier/anctoville-sur-boscq-50400-50400,2026-02-16
https://www.cout-monte-escalier.fr/prix-monte-escalier/geiswasser-68600-68600,2026-02-16
https://www.cout-monte-escalier.fr/prix-monte-escalier/herrlisheim-pres-colmar-68420-68420,2026-02-16
https://www.cout-monte-escalier.fr/prix-monte-escalier/roquefere-11380-11380,2026-02-16
https://www.cout-monte-escalier.fr/prix-monte-escalier/bazentin-80300-80300,2026-02-16
https://www.cout-monte-escalier.fr/prix-monte-escalier/gouy-en-artois-62123-62123,2026-02-16
https://www.cout-monte-escalier.fr/prix-monte-escalier/heimersdorf-68560-68560,2026-02-16
https://www.cout-monte-escalier.fr/prix-monte-escalier/gonnehem-62920-62920,2026-02-16
https://www.cout-monte-escalier.fr/prix-monte-escalier/avelesges-80270-80270,2026-02-16
https://www.cout-monte-escalier.fr/prix-monte-escalier/longessaigne-69770-69770,2026-02-16
https://www.cout-monte-escalier.fr/prix-monte-escalier/battenheim-68390-68390,2026-02-16
https://www.cout-monte-escalier.fr/prix-monte-escalier/nonant-14400-14400,2026-02-16
https://www.cout-monte-escalier.fr/prix-monte-escalier/schweighouse-thann-68520-68520,2026-02-16
https://www.cout-monte-escalier.fr/prix-monte-escalier/osmoy-st-valery-76660-76660,2026-02-16
https://www.cout-monte-escalier.fr/prix-monte-escalier/bretteville-sur-ay-50430-50430,2026-02-16
https://www.cout-monte-escalier.fr/prix-monte-escalier/soultzmatt-68570-68570,2026-02-16
https://www.cout-monte-escalier.fr/prix-monte-escalier/billezois-03120-03120,2026-02-16
https://www.cout-monte-escalier.fr/prix-monte-escalier/maneglise-76133-76133,2026-02-16
https://www.cout-monte-escalier.fr/prix-monte-escalier/st-emiland-71490-71490,2026-02-16
https://www.cout-monte-escalier.fr/prix-monte-escalier/janze-35150-35150,2026-02-16
https://www.cout-monte-escalier.fr/prix-monte-escalier/st-germain-d-elle-50810-50810,2026-02-16
https://www.cout-monte-escalier.fr/prix-monte-escalier/plessis-barbuise-10400-10400,2026-02-16
https://www.cout-monte-escalier.fr/prix-monte-escalier/razimet-47160-47160,2026-02-16
https://www.cout-monte-escalier.fr/prix-monte-escalier/bailleul-80490-80490,2026-02-16
https://www.cout-monte-escalier.fr/prix-monte-escalier/frencq-62630-62630,2026-02-16
https://www.cout-monte-escalier.fr/prix-monte-escalier/tessy-bocage-50420-50420,2026-02-16
https://www.cout-monte-escalier.fr/prix-monte-escalier/reville-50760-50760,2026-02-16
https://www.cout-monte-escalier.fr/prix-monte-escalier/vauvillers-70210-70210,2026-02-16
https://www.cout-monte-escalier.fr/prix-monte-escalier/marigny-le-lozon-50570-50570,2026-02-16
https://www.cout-monte-escalier.fr/prix-monte-escalier/st-maurice-le-vieil-89110-89110,2026-02-16
https://www.cout-monte-escalier.fr/prix-monte-escalier/argentan-61200-61200,2026-02-16
https://www.cout-monte-escalier.fr/prix-monte-escalier/avesnes-chaussoy-80140-80140,2026-02-16
https://www.cout-monte-escalier.fr/prix-monte-escalier/menerval-76220-76220,2026-02-16
https://www.cout-monte-escalier.fr/prix-monte-escalier/rouen-76100-76100,2026-02-16
https://www.cout-monte-escalier.fr/prix-monte-escalier/frotey-les-vesoul-70000-70000,2026-02-16
https://www.cout-monte-escalier.fr/prix-monte-escalier/lindry-89240-89240,2026-02-16
https://www.cout-monte-escalier.fr/prix-monte-escalier/gravigny-27930-27930,2026-02-16
https://www.cout-monte-escalier.fr/prix-monte-escalier/ouville-l-abbaye-76760-76760,2026-02-16
https://www.cout-monte-escalier.fr/prix-monte-escalier/paron-89100-89100,2026-02-16
https://www.cout-monte-escalier.fr/prix-monte-escalier/ponts-et-marais-76260-76260,2026-02-16
https://www.cout-monte-escalier.fr/prix-monte-escalier/bernaville-80370-80370,2026-02-16
https://www.cout-monte-escalier.fr/prix-monte-escalier/cerny-91590-91590,2026-02-16
https://www.cout-monte-escalier.fr/prix-monte-escalier/ueberstrass-68580-68580,2026-02-16
https://www.cout-monte-escalier.fr/prix-monte-escalier/roquebrune-33580-33580,2026-02-16
https://www.cout-monte-escalier.fr/prix-monte-escalier/chavoy-50870-50870,2026-02-16
https://www.cout-monte-escalier.fr/prix-monte-escalier/monchy-sur-eu-76260-76260,2026-02-16
https://www.cout-monte-escalier.fr/prix-monte-escalier/aveluy-80300-80300,2026-02-16
https://www.cout-monte-escalier.fr/prix-monte-escalier/assainvillers-80500-80500,2026-02-16
https://www.cout-monte-escalier.fr/prix-monte-escalier/brunstatt-didenheim-68350-68350,2026-02-16
https://www.cout-monte-escalier.fr/prix-monte-escalier/urbes-68121-68121,2026-02-16
https://www.cout-monte-escalier.fr/prix-monte-escalier/cagny-14630-14630,2026-02-16
https://www.cout-monte-escalier.fr/prix-monte-escalier/varouville-50330-50330,2026-02-16
https://www.cout-monte-escalier.fr/prix-monte-escalier/fulleren-68210-68210,2026-02-16
https://www.cout-monte-escalier.fr/prix-monte-escalier/roppentzwiller-68480-68480,2026-02-16
https://www.cout-monte-escalier.fr/prix-monte-escalier/precey-50220-50220,2026-02-16
https://www.cout-monte-escalier.fr/prix-monte-escalier/barleux-80200-80200,2026-02-16
https://www.cout-monte-escalier.fr/guides/cout-entretien-monte-escalier,2026-02-16
https://www.cout-monte-escalier.fr/prix-monte-escalier/st-ail-54580-54580,2026-02-16
https://www.cout-monte-escalier.fr/prix-monte-escalier/courson-monteloup-91680-91680,2026-02-16
https://www.cout-monte-escalier.fr/prix-monte-escalier/retzwiller-68210-68210,2026-02-16
https://www.cout-monte-escalier.fr/prix-monte-escalier/bricqueville-sur-mer-50290-50290,2026-02-16
https://www.cout-monte-escalier.fr/prix-monte-escalier/valdieu-lutran-68210-68210,2026-02-16
https://www.cout-monte-escalier.fr/prix-monte-escalier/montseret-11200-11200,2026-02-16
https://www.cout-monte-escalier.fr/prix-monte-escalier/st-priest-23110-23110,2026-02-16